Review,keyphrases,Topic_Name,Score,Document_ID
Have to learn moreover good.Need more payment,more payment,Work-Life Balance,0.0,1
"Work culture is very good, employees friendly. Nothing to dislike","Work culture, employees",Company Culture and Management,0.2656525871592213,2
Everything is good. I have been working since 1 year. Nothing to dislike,1 year,Work-Life Balance,0.0,3
I intrested in your company. Hard work load,"your company, Hard work load",Company Culture and Management,0.1921083071803165,4
"Not more. Company policy , work culture, Hr policy,","Company policy, work culture, Hr policy",Company Culture and Management,0.3163523367562843,5
Good salary. 5.5 days working. No flexibility in timings. Poor work culture. Bossisum.,"Good salary, No flexibility, timings, Poor work culture, Bossisum",Salary and Benefits,0.17065184971565253,6
Group working fine. Non of them,"Group, Non",Work-Life Balance,0.0,7
Deal with high volume package. Nothing,high volume package,Work-Life Balance,0.0,8
Job security and working environment. Employee benefits Work life balance,"Job security, working environment, Employee, Work life balance",Work-Life Balance,0.5482526923391159,9
I m working in Adani Sportsline And I do best for my Company and I love my Adani Company thank you,"Adani Sportsline, my Company, my Adani Company",Company Culture and Management,0.22944492702189928,10
Yes. 6 Days working policy,Yes. 6 Days working policy,Work-Life Balance,0.0,11
"Team work. Nothing, because I just started.",Team work,Work-Life Balance,0.2594964641492548,12
NA. Saturday half day working,"NA, Saturday",Work-Life Balance,0.0,13
So many things. IJP process,"So many things, IJP process",Work-Life Balance,0.0,14
Good. Nothing till time at,time,Work-Life Balance,0.0,15
"Nothing, pathetic company. Everything is more than worst",pathetic company,Company Culture and Management,0.30266423226280154,16
Reputed company. Manpower is very less,"Reputed company, Manpower",Company Culture and Management,0.2398736588102846,17
"Budget available to take initiatives. Culture, lack of strategy, Saturday working","Budget, initiatives, Culture, lack, strategy",Company Culture and Management,0.1816516346734113,18
Yes. No I am happy working with adani Group,adani Group,Work-Life Balance,0.0,19
"Work culture, at the unit was good irrespective of group. Nothing, all was avg and above.","Work culture, the unit, group, avg",Company Culture and Management,0.17262121978141468,20
Nothing. Work culture family life,Work culture family life,Work-Life Balance,0.47442915162880894,21
Excellent work. Management it's weak,Excellent work,Work-Life Balance,0.2594964641492548,22
I wish to last 10 years ago that i recieve job in adani group so i wish to extremely in adani group. I can not to wish that came to problem in our work.,"job, adani group, adani group, problem, our work",Job Security,0.15847570181671775,23
Employee satisfaction. Nothing to say for negative all is well,Employee satisfaction,Skill Development and Work Satisfaction,0.2735095541241264,24
Skill development through training module. NA,"Skill development, training module, NA",Skill Development and Work Satisfaction,0.3547627604632765,25
Overall very nice. Nothing to dislike,,Work-Life Balance,0.0,26
Leave and medical policy and sustainability of group. Promotion and increment policy,"Leave and medical policy, sustainability, group, Promotion, increment policy",Salary and Benefits,0.059966192747439785,27
Good. Job security not given,Job security,Job Security,1.0000000000000002,28
Adani forwarding limited My best job 💪. No,My best job,Job Security,0.3233157908818522,29
Job security. Untimely promotions and recognitions,"Job security, Untimely promotions, recognitions",Job Security,0.5820953359994986,30
yes. i am working interested,,Work-Life Balance,0.0,31
"Its a highly prestigious company that provides a strong platform in the current market. Adani policies are not consistent across all the domains. For example, RMRW gets the fewest perks, and there is no clear promotion criteria or strong employee welfare benefits.","Its a highly prestigious company, a strong platform, the current market, Adani policies, all the domains, example, RMRW, the fewest perks, no clear promotion criteria, strong employee welfare benefits",Salary and Benefits,0.08170997715052296,32
No planning of work. 10 percent employees are given no increament annually as per company rule.,"No planning, work, 10 percent employees, no increament, company rule",Company Culture and Management,0.1175759041141145,33
Good company. Work load and over time,"Good company, Work load, time",Company Culture and Management,0.1921083071803165,34
The adani group is Vry Growing Company il working culture and environment are good. I have not dislike the Our company,"The adani group, Vry Growing Company, il working culture, environment, the Our company",Company Culture and Management,0.3167433283735088,35
Yes. No work life balance available,No work life balance,Work-Life Balance,0.8080598199019293,36
Best place to learning. No work fredom,"Best place, No work",Work-Life Balance,0.16999124253743805,37
Overall all good 👍. No,Overall all good 👍,Work-Life Balance,0.0,38
Salary on time. Transfer in third party contract.,"Salary, time, Transfer, third party contract",Salary and Benefits,0.20086133218997979,39
Very good. Trust & stability,"Trust, stability",Work-Life Balance,0.0,40
Not more but ok. Culture is not friendly but ok to survive..,Culture,Company Culture and Management,0.47386908010193163,41
Can learn of new skills internally. Company culture is a different one and responsibilities are reversed.,"new skills, Company culture, a different one, responsibilities",Company Culture and Management,0.32860034091062545,42
Adoption of new skills and upgraded system. All good,"Adoption, new skills, upgraded system",Work-Life Balance,0.0,43
Career growth. Working condition in office,"Career growth, Working condition, office",Work-Life Balance,0.0,44
Very good. Nothing to dislike at present,,Work-Life Balance,0.0,45
Salary on time. Management politics.,"Salary, time, Management politics",Salary and Benefits,0.26066374780408963,46
Very good culture but only for on roll employee off rol employee not satisfied with the process. No and no,"Very good culture, roll employee, rol employee, the process",Company Culture and Management,0.12031284450722007,47
👎🏻 don’t join this company. Advise don’t join this company,"👎🏻, this company, Advise, this company",Company Culture and Management,0.282480014279296,48
Brand name. Doesn't care about Employees,"Brand name, Employees",Work-Life Balance,0.0,49
Just ok. People at Site top management doing favouritism openly.,"People, Site top management, favouritism",Company Culture and Management,0.1816516346734113,50
Growth opportunity. No dislikes as such everything satisfactory,"Growth opportunity, No dislikes, such everything",Work-Life Balance,0.0,51
Nice. Joining process is very slow,Joining process,Work-Life Balance,0.0,52
Work life balance. Policy implementation is not fully adopted.,"Work life balance, Policy implementation",Work-Life Balance,0.6962310291197014,53
Good Company to work with. NIL,"Good Company, NIL",Company Culture and Management,0.2398736588102846,54
"Brand, system, culture. Can't describe","Brand, system, culture",Company Culture and Management,0.2398736588102846,55
Diversified Work Scope. HR policies,"Diversified Work Scope, HR policies",Work-Life Balance,0.14993450805086697,56
Work as a sales officer. I work hard,a sales officer,Work-Life Balance,0.0,57
Delegation. Culture of work with central and site team,"Delegation, Culture, work, central and site team",Company Culture and Management,0.2424750116464011,58
Good opportunity and skill development very good. Ok,"Good opportunity, skill development",Skill Development and Work Satisfaction,0.4038730103783143,59
"Good experience, job satisfaction is good. Busy shedule, material theft control is big challenge","Good experience, job satisfaction, Busy shedule, material theft control, big challenge",Job Security,0.164576241639335,60
"Good Company to work, Employee friendly and Result oriented. There is nothing much to dislike","Employee, Result",Work-Life Balance,0.0,61
Good company. Job security is poor,"Good company, Job security",Job Security,0.6703044378683302,62
Adani santigram is duty experience. Adani santigram working is my experience,"Adani santigram, duty experience, my experience",Work-Life Balance,0.0,63
"Good. no,.....adani group very nice and beautiful",adani group,Work-Life Balance,0.0,64
Package full and other facilities. Frequent travelling and no social activities,"Package full and other facilities, Frequent travelling and no social activities",Salary and Benefits,0.12067603042812564,65
"Fresher it's good. Very pethatic for off role job, no increment or no additional benefit","role job, no additional benefit",Job Security,0.24484073082766172,66
Good. No problem I think average,No problem,Work-Life Balance,0.0,67
On time salary. Micromanagement at all levels. Good only for those staffs who have joined through college campus.,"time salary, Micromanagement, all levels, those staffs, college campus",Salary and Benefits,0.16252866496737994,68
Great place for working. No,Great place,Work-Life Balance,0.0,69
Facilities is the Best. No issue,"Facilities, No issue",Work-Life Balance,0.0,70
"Flexible timing, Appraisal on time Everything is fine. Nothing","Flexible timing, Appraisal, time","Promotions, Appraisal and Advancement",0.2047974594361075,71
Worklife balance. Delay in response over mail,"Worklife balance, response, mail",Work-Life Balance,0.23263524901287366,72
Safety 🦺. Not properly guide and not allowed mobile phones 😞,"Safety, mobile phones",Work-Life Balance,0.0,73
Good company. Everything is good,Good company,Company Culture and Management,0.30266423226280154,74
Nothing to like. Culture is unethical,Culture,Company Culture and Management,0.47386908010193163,75
Only hard working. All things,"Only hard working, All things",Work-Life Balance,0.0,76
The company takes good care of employees. Everything depends on your immediate boss,"The company, good care, employees, your immediate boss",Company Culture and Management,0.14185520164948803,77
Salary. No support of seniors in trouble time,"Salary, No support, seniors, trouble time",Salary and Benefits,0.20086133218997979,78
work environment. nothing as such disliking was there,"work environment, such disliking",Work-Life Balance,0.16999124253743805,79
No. Salary was poor and very late....and this company cso Santosh Kumar Sharma was very thief,"Salary, this company, Santosh Kumar Sharma, very thief",Salary and Benefits,0.17637787233153943,80
"Nothing to like about company. It is having very toxic work culture for lower level employee..No promotion,no reward and you have to stretch working every day.","company, very toxic work culture, lower level employee, No promotion, no reward",Company Culture and Management,0.2312222625824299,81
All adani group team member friendly work at site,"All adani group team member friendly work, site",Work-Life Balance,0.11615647956526723,82
"Secured Job , reputed company. Office politics , increment , promotio , HR policies","Secured Job, , reputed company, Office politics, increment, promotio, HR policies",Job Security,0.1731285410789098,83
Working culture is very good. Working place is not fixed,"Working culture, Working place",Company Culture and Management,0.16491562552850594,84
All members supported. Only like,All members,Work-Life Balance,0.0,85
Good learning and skill development for employees. Vast differences in salary in same position employees,"Good learning and skill development, employees, Vast differences, salary, same position employees",Skill Development and Work Satisfaction,0.2591113872221896,86
I like group work and culture of all areas. No,"group work, culture, all areas",Company Culture and Management,0.1921083071803165,87
Good work culture. Some sites are at remote location,"Good work culture, Some sites, remote location",Company Culture and Management,0.15806992922471308,88
Perfectos . .Nothing as much . .,Perfectos,Work-Life Balance,0.0,89
"Infrastructure. People are not respective to each other, they should give training for work ethics and behaviour before hiring","Infrastructure, People, training, work ethics, behaviour",Work-Life Balance,0.13563026404753545,90
Not satisfied.Not systamatic work,Not systamatic work,Work-Life Balance,0.20109694750733756,91
Very good company Adani Group. Yes,Very good company Adani Group,Company Culture and Management,0.1816516346734113,92
skill development. employee appreciation program,"skill development, employee appreciation program",Skill Development and Work Satisfaction,0.3547627604632765,93
No likes worst. All dislikes worst,All dislikes,Work-Life Balance,0.0,94
"We are pleased to inform you that your salary has been credited on time as per the payroll schedule. Have some concerns regarding my salary structure. Specifically, the PLI (Performance Linked Incentive) is unclear, and I would appreciate clarification on whether it is counted as part of my CTC. Additionally, despite receiving a good opportunity elsewhere, my current reporting boss is unwilling to relieve me.","your salary, time, the payroll schedule, some concerns, my salary structure, the PLI, (Performance Linked Incentive, clarification, my CTC, a good opportunity, my current reporting boss",Salary and Benefits,0.16491848694024194,95
Company growth and salary correction. Food quality in canteen.,"Company growth, salary correction, Food quality, canteen",Salary and Benefits,0.18970150417224235,96
Safety and behaviour of all my senior staff. Nothing,"Safety, behaviour, all my senior staff",Work-Life Balance,0.0,97
Best work environment. Not applicable,Best work environment,Work-Life Balance,0.20109694750733756,98
Working culture is highly appreciated. Timing issues,"Working culture, Timing issues",Company Culture and Management,0.2047974594361075,99
No work only relax. A hell lot of politics. If you can please your manager then only you’ll get promotion and appraisals. Very low increment. HR first promote themselves then look for other departments promotions.,"No work, A hell lot, politics, your manager, only you, promotion, appraisals, Very low increment, HR, other departments promotions","Promotions, Appraisal and Advancement",0.09486635065266791,100
Job security and wider option of IJP in different fields that's ADANI is working only after completing 3 years in Adani. Politics and HR dominance in all OPERATIONS,"Job security, wider option, IJP, different fields, ADANI, 3 years, Adani, Politics and HR dominance, all OPERATIONS",Job Security,0.2875277257642258,101
"Gautam adani rest of this worst culture by superior. Don’t have any work ethic’s. Work culture, no job security worst work culture no teamwork","Gautam adani, this worst culture, any work, Work culture, no job security, no teamwork",Job Security,0.292131804144007,102
Salary. Type of work and lack of clarity,"Salary, Type, work, lack, clarity",Salary and Benefits,0.23398104564888772,103
Leave benifit. Hiring process and offering process,"benifit, process, process",Work-Life Balance,0.0,104
"All policy's are determined and digitalized, this is good sign. Everything we will get in one click. Transfers - due to transfers family and childern education it's very suffer.","All policy, good sign, one click, Transfers, transfers, family, education",Work-Life Balance,0.0,105
"Thier stability and the upcoming growth. Lot of beaurocracy, Many hidden and strategic decisions","Thier stability, the upcoming growth, Lot, beaurocracy, Many hidden and strategic decisions",Salary and Benefits,0.05724919810149692,106
Great work place for learning. Always Management requirement is High,"Great work place, Management requirement",Company Culture and Management,0.1921083071803165,107
Great place to work. Nothing,Great place,Work-Life Balance,0.0,108
"Salary on time, Company is good, but HOD are only after money. Top management decesion making Not able to handle the HOD. Politics at site. Cunning HOD only want to earn from vendor. Favartisim at site. Not clear with the role and responsibilities. HOD only forwarding assignment and only want to be in limelight. They don't want their juniors that they learn or Mingle with other departments staff.","time, Company, HOD, money, Top management decesion, the HOD, Politics, site, Cunning HOD, vendor, Favartisim, site, the role, responsibilities, HOD, assignment, limelight, their juniors, other departments staff",Company Culture and Management,0.12748013098797648,109
Good company. No dislike Adani group good construction,"Good company, No dislike Adani group good construction",Company Culture and Management,0.12636912142601078,110
No work pressure. No job security,"No work pressure, No job security",Job Security,0.44750295255449657,111
Culture. More Perks should be given,"Culture, More Perks",Company Culture and Management,0.2398736588102846,112
All seems ok. Top management,Top management,Company Culture and Management,0.30266423226280154,113
Assembly fitter gan. Assembly fitter gan,"Assembly fitter gan, Assembly fitter gan",Work-Life Balance,0.0,114
I like Electricity area Underground wire And working. Coordination with officer,"Electricity area, Coordination, officer",Work-Life Balance,0.0,115
"Auto mission , sefty. Housekeeping, services","Auto mission, sefty, Housekeeping, services",Work-Life Balance,0.0,116
Its a good opportunity for carrier growth. Nothing but upgrade the policy for employees who have studying along with continue job.,"Its a good opportunity, carrier growth, the policy, employees, continue job",Job Security,0.17032771601324212,117
Work pressure is less. Senior not support,Work pressure,Work-Life Balance,0.2594964641492548,118
Salary credited on time. Site culture,"Salary, time, Site culture",Salary and Benefits,0.26066374780408963,119
Learning and Development. Sales Pressure,"Learning, Development, Sales Pressure",Skill Development and Work Satisfaction,0.18506997472858622,120
Overall good. Work life balance is bad,Work life balance,Work-Life Balance,1.0,121
Zero job security. No more devlopment. 80% employee not happy with today's culture and atmosphere. Suddenly they transfer in third party,"Zero job security, No more devlopment, 80% employee, today's culture, atmosphere, third party",Job Security,0.33793725305493133,122
Good place to learn. No job security,"Good place, No job security",Job Security,0.5610427087813911,123
Good. No one is dislike,"No one, dislike",Work-Life Balance,0.0,124
Overall Excellent. medical policy is not good.,"Overall Excellent, medical policy",Work-Life Balance,0.0,125
Work culture. Appraisal process which need to be review,"Work culture, Appraisal process","Promotions, Appraisal and Advancement",0.23172385482609562,126
Extra curicular activities Cultural programs. Everything,"Extra curicular activities, Cultural programs",Work-Life Balance,0.0,127
Likes all ok. no,,Work-Life Balance,0.0,128
"Job security, learning opportunities are huge. Saturday working, office politics","Job security, opportunities, Saturday working, office politics",Job Security,0.4648286283442409,129
Adani group is very good. He does not see his client's fault,"Adani group, his client's fault",Work-Life Balance,0.0,130
I like this safety and security purpose and many benefits provided to township peoples. Nothing,"this safety and security purpose, many benefits, township peoples",Salary and Benefits,0.2515315103318708,131
Adani Top 1. Nothing,Adani Top,Work-Life Balance,0.0,132
Best learning here working at Adani. Nothing,"Best learning, Adani",Work-Life Balance,0.0,133
Nothing. Work culture unstructured way of working,"Work culture unstructured way, working",Company Culture and Management,0.1921083071803165,134
"Self Learning opportunities, culturally flat. Salary and benifits","Self Learning opportunities, Salary, benifits",Salary and Benefits,0.22124519261325004,135
"Safety & Training, 5S & reports. I don't know because I am new joining.","Safety, Training, 5S, reports, new joining",Work-Life Balance,0.0,136
"Job security, salary and benefits, less work pressure. Work satisfaction, company culture.","Job security, salary, benefits, less work pressure, Work satisfaction, company culture",Job Security,0.39489796221186885,137
New job apply. Nothing,New job,Job Security,0.4079486097433083,138
Like but career growth is poor specially Land acquisition. Working hours is very critical Situation due to mine distance from city,"career growth, specially Land acquisition, Working hours, very critical Situation, mine distance, city",Work-Life Balance,0.0,139
"Matches the industry salary, great team members to guide you through complex transactions, flexible timings, good office environment. Exposure to various business lines and verticals. Sometimes the promotions are stagnated.","Matches, the industry salary, great team members, complex transactions, flexible timings, good office environment, Exposure, various business lines, verticals, the promotions",Salary and Benefits,0.10127551715732926,140
excelent. Nothing,excelent,Work-Life Balance,0.0,141
Best company in india. No everything is best,"Best company, india, No everything",Company Culture and Management,0.1816516346734113,142
"Team Work , Great work culture. Not Applicable","Team Work, Great work culture",Work-Life Balance,0.2934447963414669,143
Happy service. This goddess app,"Happy service, This goddess app",Work-Life Balance,0.0,144
Good learning Equal opportunities Fast pace working Perform or perish. Nil work life balance,"Equal opportunities, Perform, Nil work life balance",Work-Life Balance,0.5656000744160177,145
On time salary. No personal life,"time salary, No personal life",Salary and Benefits,0.2289674931163647,146
"Adani group one of biggest company in india. Everything. No growth, knowledge, promotion. Just working like a slave.","Adani group, biggest company, india, No growth, knowledge, promotion, a slave",Company Culture and Management,0.12636912142601078,147
Good place for working. Time,"Good place, Time",Work-Life Balance,0.0,148
Best company in india. No everything is best,"Best company, india, No everything",Company Culture and Management,0.1816516346734113,149
I'm interested this group with sells and transport department any requirement for logistics. As a work farfact planning.,"this group, sells and transport department, any requirement, logistics, a work farfact planning",Skill Development and Work Satisfaction,0.12415684192324931,150
Nothing. Management forcefully transferring people from one location to another with out any benefits for one single mistake they are giving NI which means no increment for a year,"Management, people, one location, any benefits, one single mistake, NI, no increment, a year",Salary and Benefits,0.12634713690861263,151
Good at beginning. Time waste,Time waste,Work-Life Balance,0.0,152
Not a company for your growth. Toxic work culture,"Not a company, your growth, Toxic work culture",Company Culture and Management,0.34219090130210505,153
Not joining still now. I am applied for adani group,adani group,Work-Life Balance,0.0,154
Adani group has evolved as a benchmark in best work culture and employee satisfaction practices. Nothing such,"Adani group, a benchmark, best work culture, employee satisfaction practices",Skill Development and Work Satisfaction,0.22474572522951786,155
Adani group has evolved as a benchmark in best work culture and employee satisfaction practices. Nothing such,"Adani group, a benchmark, best work culture, employee satisfaction practices",Skill Development and Work Satisfaction,0.22474572522951786,156
Focus on automation. Long timing and Saturday working and even Sunday working,"Focus, automation, Long timing, Saturday working, even Sunday",Work-Life Balance,0.0,157
Focus on automation. Long timing and Saturday working and even Sunday working,"Focus, automation, Long timing, Saturday working, even Sunday",Work-Life Balance,0.0,158
Im working since 14yers of the same compny but my salary is not growth same salary so i was found a new job other wise staffs are good .n over all good .but in my future growth nothing .thank you. Good Manegment. Poor Hr team,"14yers, the same compny, my salary, growth same salary, a new job, other wise staffs, my future growth, Good Manegment, Poor Hr team",Salary and Benefits,0.1796558371311846,159
What is the best part of working at the company? exploring in different work cultures What is the most stressful partabout working at the company? employees are not properly recognized which are working in the ground level,"the best part, the company, different work cultures, the most stressful partabout, the company, employees, the ground level",Company Culture and Management,0.12718654338633484,160
Maintenance technician is work very different .u must have to knowledge and experience to how to complete ur work safe..like cricket match all day are new day for you ..u learning every day by day in mechanical work. Some time. 36 hours,"Maintenance technician, .u, ur work, cricket match, new day, u, day, mechanical work, Some time, 36 hours",Work-Life Balance,0.15427787730778736,161
"Except job security, all other arrangements are very good like respected seenier help all about any kind of problem good. The work experience so far has been very good","job security, all other arrangements, any kind, problem, The work experience",Job Security,0.37344460971211135,162
"News writer Please trust my work and experience Better management within my knowledge
Online work from my address
Yes I am work hard
Yes i always enjoy my job","News writer, my work, Better management, my knowledge
Online work, my address, my job",Work-Life Balance,0.12628639097747824,163
"All well not cons, it's a remote location however all is catered for employees. Management is supportive and encouraging. It is heartening to learn more about yourself particularly for growth","a remote location, employees, Management, growth",Company Culture and Management,0.1816516346734113,164
"What is the best part of working at the company? Using SAP Software & Company time Table is best

What is the most stressful part about working at the company?
No there is no answer of this question


What is the work environment and culture like at the company?
I am in Recovery Department for 1 year

What is a typical day like for you at the company?
Sat is the best Day of Week for work","the best part, the company, SAP Software, Company, time Table, the most stressful part, the company, no answer, this question, the work environment, culture, the company, Recovery Department, 1 year, a typical day, the company, Sat, the best Day, Week, work",Company Culture and Management,0.2342782610246318,165
Good company to grow your career . Lots of learnings and challenges which build your skills. Cooperative teamwork. Good management. Health Benefits,"Good company, your career, Lots, learnings, challenges, your skills, Cooperative teamwork, Good management, Health Benefits",Company Culture and Management,0.19523991435888696,166
"Good opportunity for fresh minds, working hours - Monday to Saturday. Work place culture depends on the location but overall decent . Great opportunity across the group.","Good opportunity, fresh minds, Monday, Saturday, Work place culture, the location, Great opportunity, the group",Company Culture and Management,0.09222220500304455,167
Very Political and bad management Only go in this company If you need just Adani wilmar experience Otherwise please look others coz there is no growing opportunities,"Very Political and bad management, this company, just Adani wilmar experience, no growing opportunities",Company Culture and Management,0.28704804322580624,168
Good working culture. Great work atmosphere. And Great envireonment. Good pay Good growth Also great management one of the best company to start with and great work life balance,"Good working culture, Great work atmosphere, And Great envireonment, Good growth, great management, the best company, great work life balance",Work-Life Balance,0.30856911384125657,169
"The team is very good, good learning opportunity. The project is giving me a lot of opportunity to learn and lead. Understanding senior management. They always guide you to help your project reach perfection.","The team, good learning opportunity, The project, a lot, opportunity, senior management, your project, perfection",Company Culture and Management,0.08864803209225561,170
"Company is growing, higher management team is highly qualified and great visionery leaders.

What is the most stressful part about working at the company?
Money is the only thing they consider.They don't have value over goodness of people or their emotions.I have complaint against reporting manager who threatened me and no enquiry took place and no action taken,I was forced to resign.

What is the work environment and culture like at the company?
Poor.HR team worst in Adani Trivandrum airport .No action taken after my reporting manager threatened me.In Trivandrum airport if you are non veg eater and drinker you can survive.The mental trauma I have gone through is un imaginable.

What is a typical day like for you at the company?
If your manager is good then it is comfortable other wise not good","Company, higher management team, highly qualified and great visionery leaders, the most stressful part, the company, Money, the only thing, value, goodness, people, their emotions, complaint, reporting manager, no enquiry, place, no action, the work environment, culture, the company, Poor, HR team, Adani Trivandrum airport .No action, my reporting manager, Trivandrum airport, non veg eater, drinker, The mental trauma, a typical day, the company, your manager",Company Culture and Management,0.24876184975169488,171
Kaam karne ka tarika bahut achha h salary bhi achhi h,"ka tarika, achha h salary bhi achhi, h",Salary and Benefits,0.20086133218997979,172
"Good for working. Those who are actually interested to learn and develop their career. There will be a chance to growth with Organisation. But to take care of situational challenges impacts.

What is the most stressful part about working at the company?
Situational challenges to bring down the career/growth.

What is the work environment and culture like at the company?
Organization is having good set-up and environment to give employees proper training, learning, growth etc.

What is a typical day like for you at the company?
Achievement of LONG SERVICE AWARD in recognition of my dedicated service to the ADANI Group","their career, a chance, Organisation, care, situational challenges impacts, the most stressful part, the company, Situational challenges, the career/growth, the work environment, culture, the company, Organization, good set-up, environment, employees, proper training, learning, a typical day, the company, Achievement, LONG SERVICE AWARD, recognition, my dedicated service, the ADANI Group",Company Culture and Management,0.16322842502605148,173
Too much workload and no work-life balance in engineering department. Pay is ok. Not satisfied with job work. Every Saturday half day working and less leave.,"Too much workload, engineering, Pay, job work",Job Security,0.21305592467052203,174
Fast paced environment with opportunities to learn. The approval hierarchy can be cumbersome sometimes but urgency is given due regard. Benefits provided like subsidised lunch. Breakfast and dinner is provided to employees in the cafeteria. Opportunity to collaborate with advocates and take leads in cases. Saturdays are working unfortunately. They’re half days though.,"Fast paced environment, opportunities, The approval hierarchy, urgency, due regard, Benefits, subsidised lunch, Breakfast, dinner, employees, the cafeteria, Opportunity, advocates, leads, cases, Saturdays",Salary and Benefits,0.09641926269992575,175
"Good place to work, Work life balance but job security is risk. overall nice place to work, growth and increments are good learning and development is there.","Good place, Work life balance, job security, risk, overall nice place, growth, increments, good learning, development",Work-Life Balance,0.32377128269733757,176
compnay is so nice and friendly ...getting much perk as per our work so definitly i would say adani is amazing ...for salary part its very comfortable even work place also ....everything is happenig from AHEMEDBAD ....,"compnay, much perk, our work, adani, salary part, AHEMEDBAD",Salary and Benefits,0.16738184930315797,177
Good company bad management’s . Overall culture within company is good long working hours. High salary provided on time . Overall good company to work with,"Good company bad management, Overall culture, company, good long working hours, High salary, time, Overall good company",Company Culture and Management,0.4217967074275722,178
"fully support all employees . also provide all facilities


What is the most stressful part about working at the company?
ROLE AS A HOD.... WHEN NOT SUPPORT YOUR COLLINGS


What is the work environment and culture like at the company?
friendly environment and policies and documentation culture


What is a typical day like for you at the company?
I am responsible for overseeing my teams as they progress on various advertising campaign","all employees, all facilities, the most stressful part, the company, ROLE, A HOD, YOUR COLLINGS, the work environment, culture, the company, friendly environment, policies, documentation culture, a typical day, the company, my teams, various advertising campaign",Company Culture and Management,0.26463873537081284,179
"One of the best workplace in Ahmedabad.

Good work culture, supportive management. Good colleagues and excellent learning opportunities. Great company and high regard to safety. Overall very good experience","the best workplace, Ahmedabad, Good work culture, supportive management, Good colleagues, excellent learning opportunities, Great company, high regard, safety, Overall very good experience",Company Culture and Management,0.25168790712771816,180
"Indian management no need to discuss, everyone knows about it. Work life balance is horrible. Flexible working hours, job security is very good. Employee benefits are also attractive. 6 days working in a week. Leave policy is good, but during month end you will not be allowed to take your leaves.Job security and flexibility, employee policies and benefits are good.. Work life balance is horrible, toxic Indian management.","Indian management, Work life balance, job security, Employee benefits, a week, Leave policy, month end, your leaves, Job security, flexibility, employee policies, benefits, Work life balance, horrible, toxic Indian management",Work-Life Balance,0.4476873681010446,181
It's is a very good opportunity to start one's carrier as a Get all the thing u need at the time of joining is provided by the company and the management system is pretty good,"a very good opportunity, one's carrier, u, the time, the company, the management system",Company Culture and Management,0.199072928541855,182
"Very toxic and favouratism filled culture. Work-life balance is not considered important by management. They say it openly too - ""you can have 7 working days and work-life balance"" in a townhall.","Very toxic and favouratism filled culture, Work-life balance, management, 7 working days, work-life balance, a townhall",Work-Life Balance,0.6816934265125317,183
"Best safety culture, high productivity, very good growth for employees, great place to work

What is the most stressful part about working at the company?
PMS system and real physical performance feedback is crucial

What is the work environment and culture like at the company?
Great place to work : good accomodation, good transportation, good food, all offices are excellent, , great greenery, rewards system is excellent,

What is a typical day like for you at the company?
As per my thinking, I was put my maximum efforts for organisation,","Best safety culture, high productivity, very good growth, employees, great place, the most stressful part, the company, PMS system, real physical performance feedback, the work environment, culture, the company, good accomodation, good transportation, good food, all offices, , , great greenery, rewards system, a typical day, the company, my thinking, my maximum efforts, organisation",Company Culture and Management,0.21576148074400336,184
"As group its good but in my vetical line manager are with worst attitude.

Over all very less professionalism.
Haven't seen a leader rarher than a task master/ boss.","group, its good, my vetical line manager, worst attitude, all very less professionalism, a leader rarher, a task master/ boss",Work-Life Balance,0.0,185
"High learning and abilities to grow, high pay and support from management, the only problem is work life balance as shifts goes to late evening, very low turnover","high pay, support, management, the only problem, work life balance, shifts, late evening",Work-Life Balance,0.4032524081166759,186
"Adani is best company in India for working environment

What is the most stressful part about working at the company?
Management system are pressed for work hard

What is the work environment and culture like at the company?
Environment are very good we working with freedom

What is a typical day like for you at the company?
Saturday working is typical day","Adani, best company, India, working environment, the most stressful part, the company, Management system, work, the work environment, culture, the company, Environment, freedom, a typical day, the company",Company Culture and Management,0.34289536945992655,187
"Good place to learn new things to show our potential, all staff members are very supportive, manager also give free hands to achieve ang experience new things and new challenges..","new things, our potential, all staff members, manager, free hands, ang experience, new things, new challenges",Work-Life Balance,0.0,188
"In Adani culture, the employee should pay attention to the problem related to transfer, due to which there is a lot of problem in making balance in personal life. Because of this the employee leaves Adani job.","Adani culture, the employee, attention, the problem, transfer, a lot, problem, balance, personal life, the employee, Adani job",Work-Life Balance,0.18193347839827287,189
"There is a need for a change in the workplace culture, I have faced so many days of service, if someone's work performance is very good, then transfer is not given to any other location, because of this there will be problems in our management, because of this, many employees of the company They leave and leave, this happened with me and I gave my resignation at 21, I just wanted a transfer to another location, my so many problems could not be solved, I had to leave the job. Otherwise I would have given 60 years of service","a need, a change, the workplace culture, so many days, service, someone's work performance, transfer, any other location, problems, our management, many employees, the company, my resignation, a transfer, another location, my so many problems, the job, 60 years, service",Company Culture and Management,0.17167449457086492,190
"What is the best part of working at the company? Being a station head at Port Blair during the pandemic Covid 19 it was challanging for me to take crucial decision to handle in customer handling.

What is the most stressful part about working at the company?
Flight disruption in covid situation.

What is the work environment and culture like at the company?
to give maximum empowerment to airport managers to resolve customer satisfaction.

What is a typical day like for you at the company?
Every day itself is a challenging at airport.","the best part, the company, a station head, Port Blair, the pandemic Covid, crucial decision, customer handling, the most stressful part, the company, Flight disruption, covid situation, the work environment, culture, the company, maximum empowerment, airport managers, customer satisfaction, a typical day, the company, Every day, airport",Company Culture and Management,0.1918820741345686,191
"Good company with good work culture,learning new things Loved the time I spent there. Management is open to new idea and friendly. Workplace culture is good and colleagues are open to offer help when. Fun, games. Healthcare","Good company, good work culture, new things, Management, new idea, Workplace culture, colleagues, help, Fun, games, Healthcare",Company Culture and Management,0.3878764040503087,192
Good working environment... Focus work along work life balance... Clean site... Good appraisal... Continues skill training more family benefit. Good working culture.. Getting together for families.. Good township,"Good working environment, Focus work, work life balance, Clean site, Good appraisal, skill training, more family benefit, Good working culture, families, Good township",Work-Life Balance,0.2919861840536461,193
Average work place to grow. Not too much opportunity as well as salary structure is also not as much good. Limited skills to learn working atmosphere is good,"Average work place, Not too much opportunity, salary structure, Limited skills, working atmosphere",Salary and Benefits,0.13720501618022354,194
Mera review is group me best rha ya mene work form home se job karna pasand kara or is group ki salary bhi acchi hai Adani group is best. Free lunch. Short break,"Mera review, group, best rha ya mene work form, home se job karna, kara, group ki salary bhi acchi hai Adani group, Free lunch, Short break",Job Security,0.09540616434845936,195
"great place to work, you can join with no doubt. GET period is on le of the best period. no organisation gives you same learning as it gives you. staff is great.","no doubt, GET period, the best period, no organisation, same learning, staff",Work-Life Balance,0.0,196
Ex NSG commando with pistal PSO jobs and all vichel DVR. Food. Any problem,"Ex NSG commando, pistal PSO jobs, all vichel DVR, Food, Any problem",Work-Life Balance,0.0,197
"In addition to being good for your workers' physical and mental health, effective employee engagement can deliver trickle-down benefits for the whole company, including: Better communication.","addition, your workers' physical and mental health, effective employee engagement, trickle-down benefits, the whole company, Better communication",Salary and Benefits,0.17061260992861388,198
Good company environment good working 3is good salary is already involved with limits everything is fine working hours are food environment good no issue,"Good company environment, good working 3is good salary, limits, fine working hours, food environment",Salary and Benefits,0.09908580966532306,199
"What is the best part of working at the company? Need for Technology to keep up with Business development. Vast opportunity to learn new Technology as solutions for a very fast growing Organization

What is the most stressful part about working at the company?
No Stress at all when you are working, learning and Implementing Technology

What is the work environment and culture like at the company?
Work environment is of Results and Culture is developing as it is growing and young blood coming

What is a typical day like for you at the company?
Morning Project reviews, work during the day monitoring projects and Evening Daily project briefing","the best part, the company, Technology, Business development, Vast opportunity, new Technology, solutions, a very fast growing Organization, the most stressful part, the company, No Stress, Technology, the work environment, culture, the company, Work environment, Results, Culture, young blood, a typical day, the company, Morning Project reviews, the day monitoring projects, Evening Daily project briefing",Company Culture and Management,0.21794976962072915,200
"Accomodation at Adani Township is provided at Samudra Colony, Mundra. I got campus placement.","Accomodation, Adani Township, Samudra Colony, Mundra, campus placement",Work-Life Balance,0.0,201
"Productive, Supporting, but less pay and progress. Supporting, additional perks. Less pay, Slow progress","Productive, less pay, progress, additional perks, Less pay, Slow progress",Work-Life Balance,0.0,202
"Good area to working.


Good benefits and transportation facilities is there. Yearly get to gather programs is there.
Evidyalaya program there.

Over all good.","Good area, Good benefits, transportation facilities, programs, Evidyalaya program",Salary and Benefits,0.14653674052922866,203
As a learner i had good exposure but as manager i was not allowed with free hands to perform my duties upto concern's expectation. With free hands as team we would could have optimized operation cost in much more better way. More over one man show partice is big hick up for team palyers. Good pay master,"a learner, good exposure, manager, free hands, my duties, upto concern's expectation, free hands, team, operation cost, much more better way, More over one man show partice, big hick, team palyers, Good pay master",Work-Life Balance,0.0,204
"Good area to working.


Good benefits and transportation facilities is there. Yearly get to gather programs is there.
Evidyalaya program there.

Over all good.","Good area, Good benefits, transportation facilities, programs, Evidyalaya program",Salary and Benefits,0.14653674052922866,205
As a learner i had good exposure but as manager i was not allowed with free hands to perform my duties upto concern's expectation. With free hands as team we would could have optimized operation cost in much more better way. More over one man show partice is big hick up for team palyers.,"a learner, good exposure, manager, free hands, my duties, upto concern's expectation, free hands, team, operation cost, much more better way, More over one man show partice, big hick, team palyers",Work-Life Balance,0.0,206
"Senior management is supportive, company policies are good, work life balance is good, weekly and other offs, salary timing is perfect, work hours are flexible","Senior management, company policies, work life balance, good, weekly and other offs, salary timing, work hours",Work-Life Balance,0.4688909136178669,207
"Interview process was good, it was quick and very technical. At HR was leadership related. Many interviews and time-consuming processes. Need to work on this. Professional","Interview process, HR, Many interviews, time-consuming processes",Work-Life Balance,0.0,208
Company is good but chances of promotion prospect..is very less ..moreover biasness more prevailed in the organisation. Development on HR policy need to be done.,"Company, chances, promotion prospect, the organisation, Development, HR policy",Company Culture and Management,0.13589673212191528,209
As per learning part never to give up from works. As per management is good it is thinking for employee. Workplace culture has to adoptive in every organization. Hardest part of job is working on Saturday & Sunday even holiday but relax part taken other day leave. Working with our team that the enjoyable part of the job.,"works, management, employee, Workplace culture, every organization, Hardest part, job, Saturday, Sunday, our team, the job",Job Security,0.263986237814976,210
6 days a week is too tidy.The job is totally based on boss. If boss is not good than life is tough. Do homework before joining. Location is constraint.,"6 days, The job, boss, boss, life, homework, Location",Job Security,0.1731285410789098,211
"Management is good. Growth in the company is not good. It takes decades to get promoted. Management do not invest in the people. As a result, apart from the people from hometown location, many people leave the company.","Management, Growth, the company, decades, Management, the people, a result, the people, hometown location, many people, the company",Company Culture and Management,0.2746776509460937,212
"Fast growing. Ample opportunity. Less manpower so might be stressful and overload sometime. Resources ful Multi locations and multi business Need to have more manpower as less strength increases stress in existing one. Growth, learning, no limit.","Ample opportunity, Less manpower, Resources ful Multi locations, multi business, more manpower, as less strength, stress, Growth, learning, no limit",Work-Life Balance,0.0,213
"Adani group company is good, whoever has to do that work, can go for solar panel work, there will be many jobs in it. No. Yes","Adani group company, that work, solar panel work, many jobs",Work-Life Balance,0.20429394305933896,214
"Excellant work place to work, system has to be maintained , strictly adhere to company policy & system , Dress code is mandatory to all level , Any challenge work can be done, only result should be 100 %","Excellant work place, work, system, company policy, system, Dress code, all level, Any challenge work, only result, 100 %",Work-Life Balance,0.2072156964891631,215
"Working in Adani greens ltd is one of a life time experience, senior are very helpfull, higher management is so coorporative and you best of the lodging and fooding facilities.","Adani greens ltd, a life time experience, higher management, the lodging and fooding facilities",Company Culture and Management,0.1662189042502758,216
"Good place to work in peaceful indeed,fun filled creatively and curated office for peers.all staffs friendly nd got to learn a lot.for newbie great place. Long","Good place, fun, office, peers.all staffs, nd, a lot.for newbie great place",Work-Life Balance,0.0,217
"Established brand in market. Given o[opportunity to work on latest technology. Management, Benefits, compensation are excellent. But Work life balance can be looked, rest a great company to work","brand, market, o[opportunity, latest technology, Management, Benefits, compensation, Work life balance, a great company",Work-Life Balance,0.41454718337026353,218
"Overall good experience working with the company , if you're just starting the career. Leaves - Cannot put as and when required Day/night shifts , sometimes 12 hour duty. Salary isn't on par with standards. Good seniors Average management . If you love to be in remote locations then can apply .","Overall good experience, the company, the career, Leaves, when required Day/night shifts, sometimes 12 hour duty, Salary, par, standards, Good seniors, remote locations",Salary and Benefits,0.0915618155570625,219
Adani company bahut achcha company hai ham bhi soch rahe hain ismein achcha naukari karne ka mauka mile. Sab kuchh milta hai. Nuksan to kuchh bhi nahin hai,"Adani company, achcha company hai ham bhi soch, rahe, naukari karne ka mauka mile, Sab kuchh milta hai, Nuksan, bhi nahin hai",Company Culture and Management,0.14185520164948806,220
It's good to consider it as required skills can be delivered on time. One can develop his skills and enthusiasm and dedication all with lot of opportunities,"required skills, time, his skills, enthusiasm, dedication, lot, opportunities",Work-Life Balance,0.0,221
"nothing much at aprl management not good contractor driven management contractor is powerful, they complain false and u lost ur job nothing much at aprl management not good contractor driven management","aprl management, not good contractor driven management contractor, u, job, aprl management, not good contractor driven management",Company Culture and Management,0.2596732252782136,222
Loved the time I spent there. Management is open to new idea and friendly. Workplace culture is good and colleagues are open to offer help when needed.,"Management, new idea, Workplace culture, colleagues, help",Company Culture and Management,0.32860034091062545,223
"Everything is good but salary structure is below market rate as compared to good other companies, you can stay here after age of 40 to 45 year for a long time even also you can plan your retirement in this group.","salary structure, market rate, good other companies, age, 40 to 45 year, a long time, your retirement, this group",Salary and Benefits,0.1139105022946709,224
Over all standards good learning aspects so with depth of business detail oriented .Every year appreciation with company standard policy. Good learning curve under pressure work culture,"all standards, depth, year appreciation, company standard policy, Good learning curve, pressure work culture",Company Culture and Management,0.2312222625824299,225
We will get an opportunity to interact with Senior Management up to the CEO level. Open to new Ideas & Implements Work culture is good Will get Training & Self-improvements. ,"an opportunity, Senior Management, the CEO level, new Ideas & Implements Work culture, Training, Self-improvements",Company Culture and Management,0.22273819113148896,226
"Great work culture, doable workload, a little toxic, diversity issue though, pay parity is huge, people are usually supportive but there is man power crunch. Good peers. Lala company","Great work culture, doable workload, a little toxic, diversity issue, pay parity, people, man power crunch, Good peers, Lala company",Company Culture and Management,0.19625059218473453,227
"If you need a place with less pressure and work life balance, if location is not your preference then adani solar is for you.

Township and SEZ area is developed nicely.","a place, less pressure, life balance, location, your preference, Township and SEZ area",Work-Life Balance,0.293443865643008,228
"Good organization as a base on system manegent, salary on time before end of the month, employee Friendly, working culture are on latest system. I am very happy and proud feel .","Good organization, a base, system manegent, salary, time, end, the month, employee, , working culture, latest system, very happy and proud feel",Salary and Benefits,0.1532169626621298,229
"Adani is a reputed group, ejoyed a lot while working here, but there are some constraints which lets people to move out. Such as lot of extra works which is out of JD or terms of employment as mentioned in offer letter. No extra benefits to take over additional responsibilities. Lack of houses in township, lack for parking sheds in township, medical facilities are chargable.","Adani, a reputed group, a lot, some constraints, people, lot, extra works, JD, employment, offer letter, No extra benefits, additional responsibilities, houses, township, parking sheds, township, medical facilities",Salary and Benefits,0.08510623367066188,230
The company has a big brand associated with it it is very tough to crack the interview as you only get selected if you have reference but overall if you get good position just go to get associated,"The company, a big brand, the interview, reference, good position",Company Culture and Management,0.12031284450722007,231
"Offers good salary Good industry exposure State of Art Head Quarter.. Work culture a bit tough, six days a week working, Long procedures","good salary Good industry exposure, Art, Work culture, Long procedures",Salary and Benefits,0.14523496753510223,232
Good company to work in india. It is having lot of policies which are very flexible and always an employee centric company looking for opportunities in it.,"Good company, india, lot, policies, always an employee centric company, opportunities",Company Culture and Management,0.2294449270218993,233
"The employees working here are facing the most difficult time of their time at Adani. Most of the employees are very insecure about their job, they are not given freedom at work and also at township","The employees, the most difficult time, their time, Adani, the employees, their job, freedom, work, township",Job Security,0.1016720040419935,234
Stressful and no ethical work culture. Moto is to just earn money. No employee value. No benefits for employees. I didn't found any keen employee for company. Nothing,"Stressful and no ethical work culture, Moto, money, No employee value, No benefits, employees, any keen employee, company",Company Culture and Management,0.2091603147839127,235
"No job security & having no clear anytime you can fired from job.lack of clarity about management vision,HR policy leads to high attrition rate.Employees have the fear to loose job anytime.","No job security, job.lack, clarity, management vision, HR policy, high attrition rate, Employees, the fear, job",Job Security,0.5306004003255564,236
Not good for working professional.If you want stable career please choose another company as Adani is not safe in terms of job security and advance skill,"stable career, another company, Adani, terms, job security, advance skill",Job Security,0.39671710391459103,237
"Follow safety in plant Compelsary and PPEand good team work in place all employees friendly treat I worked and maintenance acb, inverter, idt, module, observed crossing , module clean, tilting work. No. Long hours","safety, plant Compelsary, PPEand good team, place, all employees, friendly treat, Long hours",Work-Life Balance,0.0,238
Good company Work not hard Management good Staff skill good Traveling 1 hours is difficult in job Work shift time 8 hours Company work normal no hard. No. Yes,"Good company, 1 hours, job Work shift time, Company",Company Culture and Management,0.27903895024845843,239
Compnis of Adani group is Nice place to work and boost your career bt if you are working with as an off roll employee there is less benefits for you. So according to me if You want to work with Adani Group then try to select as an on roll employee. Free transport,"Compnis, Adani, group, Nice place, your career, an off roll employee, less benefits, Adani Group, roll employee, Free transport",Salary and Benefits,0.09273622929018464,240
Very poor progress and employs to given third-party contract..no job safe so contract you work only per year renew your contract no pramosan you can join supervis....and retired supervis...this government responsible to work. No. Life no change,"Very poor progress, third-party contract, no job, contract, year, your contract, supervis, retired supervis, this government, work, Life",Work-Life Balance,0.15830227249267026,241
"It's best company in comparison to other Indian and foreign company.best salary offered, good work culture, learning atmosphere.supportive staff.i recommend to join this company. Learn too much, good salary. No cons","best company, comparison, other Indian and foreign company.best salary, good work culture, atmosphere.supportive staff.i recommend, this company, too much, good salary, No cons",Company Culture and Management,0.33264207714763705,242
I am pleased to work with adani family. It's a enjoyable time with with owner family members. I am getting all kind of facilities and good manner and respect. Free fooing ang logging. 12 hours duty,"adani family, a enjoyable time, owner family members, facilities, good manner, respect, ang logging, 12 hours duty",Work-Life Balance,0.0,243
"Lots Of projects, Team Management, PRofessional Work Culture Lunch time is the most enjoyable We travel a lot for unlimited project, although allowance available. Sometimes you can't being sociable in family. High Pay scale. Poor Management, higher authority give their responsibilities to junior as well if you show your extra skills.","Lots, projects, Team Management, PRofessional Work Culture Lunch time, a lot, unlimited project, allowance, family, High Pay scale, Poor Management, higher authority, their responsibilities, your extra skills",Company Culture and Management,0.24436954385340776,244
I am filling proud to be a part of Adani group. Adani group is fastest growing group in India. Always good opportunity is there for learning new things.,"a part, Adani group, Adani group, fastest growing group, India, Always good opportunity, new things",Work-Life Balance,0.0,245
"Nice company to work with. Very good practice of HR admin and Top management. A group in which you can grow and achieve heights. Led by group of best professional. Flights, Tours, Training. Nothing","Nice company, Very good practice, HR admin and Top management, A group, heights, group, Flights, Tours, Training",Company Culture and Management,0.25024885395324875,246
"The job at Adani is good and tremendous scope is there for managers to grow with competitive advantage. The timing of the office is excellent and salary is the best part. However, be loyal and be global is the advice. Excellent projects. Hierarchy","The job, Adani, good and tremendous scope, managers, competitive advantage, The timing, the office, salary, the best part, the advice, Excellent projects, Hierarchy",Salary and Benefits,0.10790994558403601,247
"My Over all review for Adani Group is excellent , They have good growth opportunities and work culture . The company takes good care of their employees and provide Meals at Cafeteria at subsidized rates. The company also take care of Health and we'll beibg of employees by regularly getting health check done along with In house Yoga Instructor . Brand. Long hours","all review, Adani Group, good growth opportunities, work culture, The company, good care, their employees, Meals, Cafeteria, subsidized rates, The company, care, Health, employees, health check, house Yoga Instructor, Brand, Long hours",Company Culture and Management,0.19219649063582644,248
good working culture and having good work exposure . worked in different position and location and various varticals. very good org and feel proud working in such org. productive. ok,"good working culture, good work exposure, different position, location, various varticals, very good org, such org",Company Culture and Management,0.08167851764339323,249
Reporting authority not evaluate each and every kra & kpi under department working only according gesture evaluation done and job transfer frequently to far.,"Reporting authority, every kra, kpi, department, gesture evaluation",Work-Life Balance,0.0,250
Timely reporting stock statement Due date follow up audit in time period stock taking with auditor debtors controlling SAP implimatattion ledger work and petty cash maintened. free lunch. on due date only,"stock statement, audit, time period stock, auditor debtors, SAP implimatattion ledger work, petty cash, free lunch, due date",Work-Life Balance,0.0720473328789453,251
"Starting Days Was Worst Because There Are No Time To Leave Office Its Depends Upon Your Manager Mood After One Month Its Good Because I Know Alsmost Every Rules How To Work. Good Office Environment, Office Design, Office Place. My Manager Is Not Behaving Good With Us","Starting Days, No Time, Office, Its Depends, Your Manager, One Month, Alsmost, Every Rules, Good Office Environment, Office Design, Office Place, My Manager",Work-Life Balance,0.0,252
"Its a good place to work, however, a little stressful due to longer working hours. Standards are good, Have a very beautiful well maintained office head quarter in Ahmedabad, Gujarat, India. Many good policies, Job security, Great office buidling. Long Hours","Its a good place, longer working hours, Standards, a very beautiful well maintained office head quarter, Ahmedabad, Gujarat, India, Many good policies, Job security, Great office, Long Hours",Job Security,0.20956792118646786,253
"I have more than 15 years experience in construction of thermal power plant and solar plant, specialist in construction of thermal Supercritical and Subcritical boiler and it's auxiliaries and solar plant, solar manufacturing units.","more than 15 years experience, construction, thermal power plant, solar plant, specialist, construction, thermal Supercritical and Subcritical boiler, it's auxiliaries and solar plant, solar manufacturing units",Salary and Benefits,0.05996619274743979,254
It's a very nice place to work they have a very e immunity full township they have good facilities for transportation from home to work place they have a very good work culture they have a very good work life balance they appreciate good working people they have lot of trainings to improve yourself the top management or you can say owners are very open you can go and directly meet them they you can say anything whatever you want it so I like to work in this company,"a very nice place, a very e immunity full township, good facilities, transportation, home, work place, a very good work culture, a very good work life balance, good working people, lot, trainings, the top management, owners, this company",Work-Life Balance,0.274196928030785,255
"Considering, the current scenario in power business, ADANI is doing best and the policies are crystal clear. The work places are very well hygeinic and work culture is good. Best in Power Sector. Salaries are comparatively less, but looking at other aspects, its Good.","the current scenario, power business, ADANI, the policies, The work places, hygeinic and work culture, Power Sector, Salaries, other aspects",Skill Development and Work Satisfaction,0.12825499391141074,256
"Fully empowered workplace, supported by leadership, challenging opportunities, work life balance, employee friendly environment and best in class office and tools available, great teamwork","Fully empowered workplace, leadership, challenging opportunities, work life balance, employee friendly environment, class office, tools, , great teamwork",Work-Life Balance,0.34419785773999545,257
A nice place to work with like minded people. Had a great exposure in meeting compliance requirement of GST and HST returns. Was associated with litigation team for appeals and assessments.,"A nice place, like minded people, a great exposure, meeting compliance requirement, GST and HST returns, litigation team, appeals, assessments",Salary and Benefits,0.04626225433759683,258
Doesnt care anything about its employee. Worst work life balance. Discrimination between a bcom graduate and an engineer after they are recruited at an MBA level in terms of salary.,"its employee, Worst work life balance, Discrimination, a bcom graduate, an engineer, an MBA level, terms, salary",Work-Life Balance,0.3369656008997733,259
Company is excellent and working staff is supportive and good facilities and all things like hospitality and job security is excellent and lots of other benefits here,"Company, excellent and working staff, supportive and good facilities, all things, hospitality, job security, lots, other benefits",Job Security,0.3039067555239453,260
"It was great experience working with Adani, there were lot of learnings which help me to develop professionally and personally. Overall it was great that i started with FMCG company","great experience, Adani, lot, learnings, FMCG company",Company Culture and Management,0.15208956516123456,261
"Good company to work if you able to handel pressure. Brand loyality is good, managment is supportive, must capable to handel big business, business size is big.","Good company, pressure, Brand loyality, managment, big business, business size",Company Culture and Management,0.11505140535703817,262
Good company in India for work. Management and working life is very perfectly. Easily understand the problems of employees. Work culture is very enjoyable.,"Good company, India, work, Management, working life, the problems, employees, Work culture",Company Culture and Management,0.40269783218183774,263
Hard work...... In the company And management are very good Company is very reputed.but more than 50% work are contractor or contract basis In this company high level sefty are ferferred,"Hard work, the company, management, very good Company, very reputed.but more than 50% work, contractor, contract basis, this company high level sefty",Company Culture and Management,0.3142018320501851,264
That's good company good work experience is learn at adani power plant Nice engineer to do a work at helping a work. Greet management at adani power limited,"good company good work experience, adani power plant, Nice engineer, a work, a work, Greet management, adani power",Work-Life Balance,0.19943061212126986,265
अदानी कंपनी बहुत बढ़िया कंपनी है जो कि जहां पर सबसे बड़ा पावर प्लांट पाया गया वहां का वर्क फैसिलिटी सब बढ़िया है ओन्ली सैलरी जैसे हमने वहां से कार्य छोड़ दिया है,"अदानी कंपनी बहुत, बड़ा पावर, पाया गया वहां का वर्क फैसिलिटी, बढ़िया, ओन्ली सैलरी जैसे हमने, दिया है",Work-Life Balance,0.0,266
Salary is not as per the work load. Too much hierarchy. Have to work even on weekends. Minimum 12 hrs of work on a daily basis. Increment is not as per industry standards,"Salary, the work load, Too much hierarchy, weekends, Minimum 12 hrs, work, a daily basis, Increment, industry standards",Work-Life Balance,0.15570735919438278,267
"Balanced work life with better environment ,Job occurs at various locations in india, career growth is not enough with adani.","Balanced work life, better environment, Job, various locations, india, career growth, adani",Work-Life Balance,0.24413906767343385,268
ts good company. Great people hardworking people. nice work culture . Good business projects Good work ethics Good caring people. Good flexible tuning. Good corporate culture,"good company, Great people, people, nice work culture, Good work ethics, Good caring people, Good flexible tuning, Good corporate culture",Company Culture and Management,0.1826290078916354,269
"If you are looking towards learning, unlearning and growing with the organization, Adani is the best for you. The workplace culture is very good with no formal hierarchy in place. You are welcome to engage directly with senior leadership.","the organization, Adani, The workplace culture, no formal hierarchy, place, senior leadership",Company Culture and Management,0.10631507773376599,270
Very big plant and very good job culture. Good spare part management. Good co-worker. Safe and sample work condition. Desalination Water plant is good condition.,"Very big plant, very good job culture, Good spare part management, Good co, worker, Safe and sample work condition, Desalination Water plant, good condition",Company Culture and Management,0.1618274667091622,271
Good company for knowledge gain.for work it is good you can get enough time for family. Location is ok and growing with lip and bounce.overall good experience.,"knowledge, work, enough time, family, Location, lip, bounce.overall good experience",Work-Life Balance,0.09817655938260997,272
"Good company & management. I learned a lot from this organization. My boss was very amazing personality and hardworking. Whatever I learned from this organization, has implemented in my current work place.","Good company, management, a lot, this organization, My boss, very amazing personality, hardworking, this organization, my current work place",Company Culture and Management,0.17348852353931848,273
"Point :- Technical skills developed and career growth, financial growth Job a best reforms and good things Skills developed target sauces lifestyle.","Technical skills, financial growth Job, Skills, target sauces lifestyle",Job Security,0.16216471065654736,274
Good environment and good working people to grow with them. Supportive company where you can grow your self in the logistics and terminal industry....,"Good environment, good working people, Supportive company, your self, the logistics and terminal industry",Company Culture and Management,0.14670437215854804,275
Very nice experience here for independent working in the company. Infrastructure is good. Working condition are fine. canteen facility & transportation to the working site from residence is good.,"Very nice experience, the company, Infrastructure, Working condition, canteen facility, transportation, the working site, residence",Company Culture and Management,0.09098878618143459,276
You can learn & develop your self as the company has got most advanced technology. But due to lot of competition you can hardly grow here. Township is best for your family.,"your self, the company, most advanced technology, lot, competition, Township, your family",Company Culture and Management,0.10631507773376599,277
The company is fever of employees and any activity because good place for the work and the work doing well I hope the company all over staff are very interested because the company will be near of me and the company thought for employees and anyone also good for 8hour shift of company thanks for this,"The company, fever, employees, any activity, the work, the company, staff, the company, the company, employees, 8hour shift, company thanks",Company Culture and Management,0.2683150390772317,278
Handling of break bulk and bulk cargo Vessel planning  Coordination with Client charter owners and port captain. Day to day operational performance and achivement of productivity norms for vessel.,"break bulk, bulk cargo, Coordination, Client charter owners, port captain, day, achivement, productivity norms, vessel",Work-Life Balance,0.0,279
Yaha salary bohot late dete h or bolte ese hi aayegiagar jar sakte ho kro nhi bhag jao that not respectval pepoul thear company ........................,"Yaha salary bohot, late dete h, bolte, ese hi aayegiagar jar, sakte ho kro nhi bhag jao, that not respectval pepoul thear company",Salary and Benefits,0.10361712292119117,280
Very aggressive and stessed work culture. But management cares for their employees and their families. Learning and growth is the one important factor and is compulsory for every one. Mangement gives opportunity for careeer growth to internal talent. Good working culture. Thanks,"Very aggressive and stessed work culture, management, their employees, their families, Learning, growth, the one important factor, Mangement, opportunity, careeer growth, internal talent, Good working culture, Thanks",Company Culture and Management,0.26249163459243485,281
"Good place to work at and has massive footprints in Energy, Resource & Logistics. Decision making is quick at Top most level, however, second line of management is learning the ropes. Employee benevolent fund. Centralized decision making","Good place, massive footprints, Energy, Resource, Logistics, Decision making, Top most level, second line, management, the ropes, Employee benevolent fund, Centralized decision",Company Culture and Management,0.08081791534961773,282
this is a place where you can learn good things. It is a place which gives you new opportunity. it is good for future. I always feel proud to work here.,"a place, good things, a place, new opportunity, future",Work-Life Balance,0.0,283
"stress full work for GT and Mordern Tarde. take meeting for late night till 1AM, unnecessary work load, HR and seniors are not much supporting, timing 9.30Am till manager wants,","full work, GT, Mordern Tarde, meeting, late night, unnecessary work load, HR, seniors, 9.30Am, manager",Work-Life Balance,0.1642325065390748,284
"Adani group is fast growing organisation and one of the best employer in Gujarat. I worked in Port Planning, Healthcare and many other Architectural projects going under the company. It was a great experience working with Adani Group. The group is also expanding in many country level verticals.","Adani group, fast growing organisation, the best employer, Gujarat, Port Planning, Healthcare, many other Architectural projects, the company, a great experience, Adani Group, The group, many country level verticals",Company Culture and Management,0.05951071036415798,285
Good not working style good. Some extent good and some level warning attached and atmosphere. But overall all health insurance marketplace category for HR.,"Good not working style, Some extent, some level warning, But overall all health insurance marketplace category, HR",Work-Life Balance,0.0,286
Nice company work culture and policies are too much good. I recommend to all kindly try to join this group . Increment and bonous also very good . This is a employee orientation company,"Nice company, culture, policies, this group, Increment, a employee orientation company",Company Culture and Management,0.3851640793739994,287
A good working condition and individual development environment. Good guidance by seniors and management for better delivery of assigned work. Over all a satisfactory place to work.,"A good working condition, individual development environment, Good guidance, seniors, management, better delivery, assigned work, all a satisfactory place",Skill Development and Work Satisfaction,0.14920871174039574,288
Every working with something new. Learned much more than in expected in sales field. Management is very very good. very very good culture in working with Adani. Hardest day of the job in target is not achieved in the given specifically.,"sales field, Management, very very good culture, Adani, Hardest day, the job, target",Company Culture and Management,0.22126384273336155,289
This is one of the best company to work with. I will appreciate if I will be able to get a chance to work again. Work culture of the company is very good and nice.,"the best company, a chance, Work culture, the company",Company Culture and Management,0.39465939575731945,290
Limited area but experience is good.my work place at Ahmedabad and landscape area is limited.knowledge improvement is not possible and some administration problem. so I leave job.,"Limited area, experience, good.my work place, Ahmedabad and landscape area, limited.knowledge improvement, some administration problem, job",Job Security,0.11714451836246828,291
For amount of work done we don't get enough salary.Management is very toxic and there is lot of favoritism on offer.People who stick here are those who have no higher ambition in life.Top level management don't listen to grievances or pay heed to it.Compromise on Safety and Quality is done on regular basis.,"work, enough salary, Management, lot, favoritism, offer, People, no higher ambition, life, Top level management, grievances, heed, Compromise, Safety, Quality, regular basis",Work-Life Balance,0.1731316995629261,292
"This organisation is an edible product like Oil, pulsed,besan, rice and wheat flour . Product is good and market is good but overall is ok for employee. Company is good policy but managment and other things is not fruitful.","This organisation, an edible product, Oil, rice, wheat flour, Product, market, employee, Company, good policy, managment, other things",Company Culture and Management,0.08864803209225562,293
It gives a deep dive into the FMCG industry and acts as a great launchpad to kickstart the career. There are ample profiles available across the company functions which give an opportunity to have hands on experience into multiple domains within the same company.,"a deep dive, the FMCG industry, a great launchpad, the career, ample profiles, the company functions, an opportunity, hands, experience, multiple domains, the same company",Company Culture and Management,0.13156364444357888,294
"We have meet the work deadline , lot of regular training provided by the company which generally has develop good work skills. The management was very aggressive in development in business and we have many business verticals so we have different business exposure.","the work deadline, regular training, the company, good work skills, The management, development, business, many business verticals, different business exposure",Skill Development and Work Satisfaction,0.1609543667345436,295
"As I am the part of sourcing and procurement team, so do take care for Procurement and servicea. The team and the management are supportive . Also having Good environment for working.","the part, sourcing and procurement team, care, Procurement, servicea, The team, the management, Good environment",Company Culture and Management,0.1159512976775181,296
"When the company is dealing in the large scale of business though the management is thinking for the each of its employee so i think the company doesn't require any review from its any of the family member, in short it is fantastic place to work.","the company, the large scale, business, the management, the each, its employee, the company, any review, its any, the family member, fantastic place",Company Culture and Management,0.16423945802363127,297
"Great workplace, Management, ceo sir, culture and job security, salary very good. I am very happy to work with adani Wilmar ltd and I am feeling proud with our company.","Great workplace, Management, ceo sir, culture, job security, adani Wilmar ltd, our company",Company Culture and Management,0.3906368501792745,298
"Hectic life. no role clarity. no career growth. very less increment level politics, toxic work culture irregular work flow. flexible working hours. Boss driven.","Hectic life, no role clarity, no career growth, very less increment level politics, toxic work culture irregular work flow, flexible working hours, Boss",Work-Life Balance,0.23190646172621276,299
There was no clarity of role for the professionals at the Leadership Positions and thus there used to be very high level of attrition in almost all the functions,"no clarity, role, the professionals, the Leadership Positions, very high level, attrition, almost all the functions",Work-Life Balance,0.0,300
"honestly, it was very useful to work with them and i have learned many things over there in customs clearance logistics part and even new skills SAP above and over all i got a great opportunity there with adani group","many things, customs clearance logistics part, even new skills, a great opportunity, adani group",Work-Life Balance,0.0,301
"Its belongs to Adani group. Very big company in Indian market. They have Shipping, port , mining,power. This is billionaire market share company. Very strong supply chain.","Adani group, Very big company, Indian market, Shipping, port, mining, power, billionaire market share company, Very strong supply chain",Company Culture and Management,0.1614073023355815,302
"I am happy to serve here.. It's a international company of oil manufacturing..........................................Very nice place to work.......Free lunch, Breakfast, Tea","a international company, oil manufacturing, Very nice place, Free lunch, Breakfast, Tea",Company Culture and Management,0.12031284450722007,303
APSEZL core value is Trust Commitment and employee and social welfare. A infrastructure company and dedicated to nation building and provide a gateway for international business.,"APSEZL core value, Trust Commitment, employee, social welfare, A infrastructure company, nation building, a gateway, international business",Company Culture and Management,0.10263243984627166,304
"Good job, mean working condition is good, transfort service is good, salary come in his time to time, worker staff is good. Mean. Almost are good. In working condition no problem with this company. Increment, insentiv are come his time. Company take care of all employees, listening to all Employee Management is good. In this company products is power electricity so, boiler and turbine side work load always available. Risk not. Daily but depending your working style.","Good job, mean working condition, transfort service, salary, his time, time, worker staff, working condition, no problem, this company, Increment, insentiv, Company, care, all employees, all Employee Management, this company products, power electricity, boiler, turbine side work load, Risk, your working style",Company Culture and Management,0.21836582583837527,305
World class technologies and largest supercritical thermal power plant at any single located in India. Management should be more coordinated. Very disciplined and structured.,"World class technologies, largest supercritical thermal power plant, India, Management",Company Culture and Management,0.12636912142601078,306
But abhi apni career better krna chahata hu because there's no T.A. D.A for offrole employee. So the company does not give expenses like petrol etc. to offrole people,"abhi apni career, no T.A. D.A, offrole employee, the company, expenses, petrol, to offrole people",Company Culture and Management,0.10263243984627166,307
"New Technology i.e. Chinese TechnologyNew Type of Design (Opposite Fire Boiler), Internation Design i.e. B&W Make Boiler, Good Management, Took active part in IBR formalities,","i.e. Chinese TechnologyNew Type, Design, (Opposite Fire Boiler, Internation Design, Boiler, Good Management, active part, IBR formalities",Company Culture and Management,0.08864803209225561,308
Nothing to much problem. Problem with night duty.Its to large and lack of training at Adani Power for contractor man power. Also take about his safety and security.,"much problem, Problem, night duty, lack, training, Adani Power, contractor man power, his safety, security",Job Security,0.1226400243842404,309
"There's no job security in adani. I am very sorry to say so, i worked in adani since 2008-2017. All of a sudden I was told to look for another job, it was just a shock. My children education was hampered. They had no choice but look out for part time job and complete their education. u must understand that if a man is jobless, it affects the full family, his wife, children, parents. His family life is ruined. Also it creates a bad impact for his new job. I'm very much sad as this has created a bad reputation for me after putting in ten years of service. I would request such organisations not to be harsh with other staff. Today I'm without a job , and I hope and pray such things don't happen with other staff of the organisation. Dear management please look at your staff who have contributed to bring your organisation to this level and then make a decision. Because your one wrong decision can ruin his family life and himself. Thanks.","no job security, adani, adani, another job, just a shock, My children education, no choice, part time job, their education, u, a man, the full family, his wife, children, parents, His family life, a bad impact, his new job, a bad reputation, ten years, service, such organisations, other staff, a job, such things, other staff, the organisation, Dear management, your staff, your organisation, this level, a decision, your one wrong decision, his family life, Thanks",Job Security,0.30845127545294504,310
It is wonderful company work in adani wilmar every one looking to have a step in it because the brand value and package they are offering to their employees.,"wonderful company work, adani wilmar, a step, their employees",Company Culture and Management,0.14667031018365528,311
Awl is good production unit but I want to do better job by this company and I want to do something better then it I have worked more palaces but according to my review it is the best.,"Awl, good production unit, better job, this company, more palaces, my review",Job Security,0.15717778538133462,312
"Get experience in various civil engineering projects i.e. Port & Harbours, Power Plants, SEZ Infrastructure Developments, Buildings, Roads & Bridges, Railway Infrastructure development etc.","experience, various civil engineering projects",Work-Life Balance,0.0,313
"we have to experience to be work in such well planned company. during our intern; we have able to meet all the seniors and it was a great knowledgable experience learn from teh,","work, such well planned company, our intern, all the seniors, a great knowledgable experience, teh",Company Culture and Management,0.1082974558647661,314
"I worked for marine & non marine projects. They really take care for employee for the education, growth etc. Marine and non marine works are very enjoyable as far as port is concerned. In a place like Mundra we got all facilities there","marine & non marine projects, care, employee, the education, Marine and non marine works, port, a place, Mundra, all facilities",Salary and Benefits,0.03438968251987886,315
learn some thing new in plant management is so good everyone try to help each other share experience to all . the most enjoyable part of job is our team doing give best,"some thing, plant management, each other share experience, the most enjoyable part, job, our team",Job Security,0.1398219096799245,316
"Good platform provide by Adani Wilmar group, great place for research working and working as good and healthy. Good exposure for Young and dynamic people so they can implement New ideas and creativity for business growth.","Good platform provide, Adani Wilmar group, great place, research, Good exposure, Young and dynamic people, New ideas, creativity, business growth",Salary and Benefits,0.04169070644279404,317
Its a very good place to learn new things Itz a very good place to taught new skills and to improve ones skills All over company is very good This workplace is like home I never felt that m far from home while working,"Its a very good place, new things, Itz, a very good place, new skills, ones skills, company, This workplace, home, home",Company Culture and Management,0.0710051302232006,318
Im working since 14yers of the same compny but my salary is not growth same salary so i was found a new job other wise staffs are good .n over all good .but in my future growth nothing .thank you. Good Manegment. Poor Hr team,"14yers, the same compny, my salary, growth same salary, a new job, other wise staffs, my future growth, Good Manegment, Poor Hr team",Salary and Benefits,0.1796558371311846,319
What is the best part of working at the company? exploring in different work cultures What is the most stressful partabout working at the company? employees are not properly recognized which are working in the ground level,"the best part, the company, different work cultures, the most stressful partabout, the company, employees, the ground level",Company Culture and Management,0.12718654338633484,320
Maintenance technician is work very different .u must have to knowledge and experience to how to complete ur work safe..like cricket match all day are new day for you ..u learning every day by day in mechanical work. Some time. 36 hours,"Maintenance technician, .u, ur work, cricket match, new day, u, day, mechanical work, Some time, 36 hours",Work-Life Balance,0.15427787730778736,321
"Except job security, all other arrangements are very good like respected seenier help all about any kind of problem good. The work experience so far has been very good","job security, all other arrangements, any kind, problem, The work experience",Job Security,0.37344460971211135,322
"News writer Please trust my work and experience Better management within my knowledge
Online work from my address
Yes I am work hard
Yes i always enjoy my job","News writer, my work, Better management, my knowledge
Online work, my address, my job",Work-Life Balance,0.12628639097747824,323
"All well not cons, it's a remote location however all is catered for employees. Management is supportive and encouraging. It is heartening to learn more about yourself particularly for growth","a remote location, employees, Management, growth",Company Culture and Management,0.1816516346734113,324
"What is the best part of working at the company? Using SAP Software & Company time Table is best

What is the most stressful part about working at the company?
No there is no answer of this question


What is the work environment and culture like at the company?
I am in Recovery Department for 1 year

What is a typical day like for you at the company?
Sat is the best Day of Week for work","the best part, the company, SAP Software, Company, time Table, the most stressful part, the company, no answer, this question, the work environment, culture, the company, Recovery Department, 1 year, a typical day, the company, Sat, the best Day, Week, work",Company Culture and Management,0.2342782610246318,325
Good company to grow your career . Lots of learnings and challenges which build your skills. Cooperative teamwork. Good management. Health Benefits,"Good company, your career, Lots, learnings, challenges, your skills, Cooperative teamwork, Good management, Health Benefits",Company Culture and Management,0.19523991435888696,326
"Good opportunity for fresh minds, working hours - Monday to Saturday. Work place culture depends on the location but overall decent . Great opportunity across the group.","Good opportunity, fresh minds, Monday, Saturday, Work place culture, the location, Great opportunity, the group",Company Culture and Management,0.09222220500304455,327
Very Political and bad management Only go in this company If you need just Adani wilmar experience Otherwise please look others coz there is no growing opportunities,"Very Political and bad management, this company, just Adani wilmar experience, no growing opportunities",Company Culture and Management,0.28704804322580624,328
Good working culture. Great work atmosphere. And Great envireonment. Good pay Good growth Also great management one of the best company to start with and great work life balance,"Good working culture, Great work atmosphere, And Great envireonment, Good growth, great management, the best company, great work life balance",Work-Life Balance,0.30856911384125657,329
"The team is very good, good learning opportunity. The project is giving me a lot of opportunity to learn and lead. Understanding senior management. They always guide you to help your project reach perfection.","The team, good learning opportunity, The project, a lot, opportunity, senior management, your project, perfection",Company Culture and Management,0.08864803209225561,330
"Company is growing, higher management team is highly qualified and great visionery leaders.

What is the most stressful part about working at the company?
Money is the only thing they consider.They don't have value over goodness of people or their emotions.I have complaint against reporting manager who threatened me and no enquiry took place and no action taken,I was forced to resign.

What is the work environment and culture like at the company?
Poor.HR team worst in Adani Trivandrum airport .No action taken after my reporting manager threatened me.In Trivandrum airport if you are non veg eater and drinker you can survive.The mental trauma I have gone through is un imaginable.

What is a typical day like for you at the company?
If your manager is good then it is comfortable other wise not good","Company, higher management team, highly qualified and great visionery leaders, the most stressful part, the company, Money, the only thing, value, goodness, people, their emotions, complaint, reporting manager, no enquiry, place, no action, the work environment, culture, the company, Poor, HR team, Adani Trivandrum airport .No action, my reporting manager, Trivandrum airport, non veg eater, drinker, The mental trauma, a typical day, the company, your manager",Company Culture and Management,0.24876184975169488,331
Kaam karne ka tarika bahut achha h salary bhi achhi h,"ka tarika, achha h salary bhi achhi, h",Salary and Benefits,0.20086133218997979,332
"Good for working. Those who are actually interested to learn and develop their career. There will be a chance to growth with Organisation. But to take care of situational challenges impacts.

What is the most stressful part about working at the company?
Situational challenges to bring down the career/growth.

What is the work environment and culture like at the company?
Organization is having good set-up and environment to give employees proper training, learning, growth etc.

What is a typical day like for you at the company?
Achievement of LONG SERVICE AWARD in recognition of my dedicated service to the ADANI Group","their career, a chance, Organisation, care, situational challenges impacts, the most stressful part, the company, Situational challenges, the career/growth, the work environment, culture, the company, Organization, good set-up, environment, employees, proper training, learning, a typical day, the company, Achievement, LONG SERVICE AWARD, recognition, my dedicated service, the ADANI Group",Company Culture and Management,0.16322842502605148,333
Too much workload and no work-life balance in engineering department. Pay is ok. Not satisfied with job work. Every Saturday half day working and less leave.,"Too much workload, engineering, Pay, job work",Job Security,0.21305592467052203,334
Fast paced environment with opportunities to learn. The approval hierarchy can be cumbersome sometimes but urgency is given due regard. Benefits provided like subsidised lunch. Breakfast and dinner is provided to employees in the cafeteria. Opportunity to collaborate with advocates and take leads in cases. Saturdays are working unfortunately. They’re half days though.,"Fast paced environment, opportunities, The approval hierarchy, urgency, due regard, Benefits, subsidised lunch, Breakfast, dinner, employees, the cafeteria, Opportunity, advocates, leads, cases, Saturdays",Salary and Benefits,0.09641926269992575,335
"Good place to work, Work life balance but job security is risk. overall nice place to work, growth and increments are good learning and development is there.","Good place, Work life balance, job security, risk, overall nice place, growth, increments, good learning, development",Work-Life Balance,0.32377128269733757,336
compnay is so nice and friendly ...getting much perk as per our work so definitly i would say adani is amazing ...for salary part its very comfortable even work place also ....everything is happenig from AHEMEDBAD ....,"compnay, much perk, our work, adani, salary part, AHEMEDBAD",Salary and Benefits,0.16738184930315797,337
Good company bad management’s . Overall culture within company is good long working hours. High salary provided on time . Overall good company to work with,"Good company bad management, Overall culture, company, good long working hours, High salary, time, Overall good company",Company Culture and Management,0.4217967074275722,338
"fully support all employees . also provide all facilities


What is the most stressful part about working at the company?
ROLE AS A HOD.... WHEN NOT SUPPORT YOUR COLLINGS


What is the work environment and culture like at the company?
friendly environment and policies and documentation culture


What is a typical day like for you at the company?
I am responsible for overseeing my teams as they progress on various advertising campaign","all employees, all facilities, the most stressful part, the company, ROLE, A HOD, YOUR COLLINGS, the work environment, culture, the company, friendly environment, policies, documentation culture, a typical day, the company, my teams, various advertising campaign",Company Culture and Management,0.26463873537081284,339
"One of the best workplace in Ahmedabad.

Good work culture, supportive management. Good colleagues and excellent learning opportunities. Great company and high regard to safety. Overall very good experience","the best workplace, Ahmedabad, Good work culture, supportive management, Good colleagues, excellent learning opportunities, Great company, high regard, safety, Overall very good experience",Company Culture and Management,0.25168790712771816,340
"Indian management no need to discuss, everyone knows about it. Work life balance is horrible. Flexible working hours, job security is very good. Employee benefits are also attractive. 6 days working in a week. Leave policy is good, but during month end you will not be allowed to take your leaves.Job security and flexibility, employee policies and benefits are good.. Work life balance is horrible, toxic Indian management.","Indian management, Work life balance, job security, Employee benefits, a week, Leave policy, month end, your leaves, Job security, flexibility, employee policies, benefits, Work life balance, horrible, toxic Indian management",Work-Life Balance,0.4476873681010446,341
It's is a very good opportunity to start one's carrier as a Get all the thing u need at the time of joining is provided by the company and the management system is pretty good,"a very good opportunity, one's carrier, u, the time, the company, the management system",Company Culture and Management,0.199072928541855,342
"Very toxic and favouratism filled culture. Work-life balance is not considered important by management. They say it openly too - ""you can have 7 working days and work-life balance"" in a townhall.","Very toxic and favouratism filled culture, Work-life balance, management, 7 working days, work-life balance, a townhall",Work-Life Balance,0.6816934265125317,343
"Best safety culture, high productivity, very good growth for employees, great place to work

What is the most stressful part about working at the company?
PMS system and real physical performance feedback is crucial

What is the work environment and culture like at the company?
Great place to work : good accomodation, good transportation, good food, all offices are excellent, , great greenery, rewards system is excellent,

What is a typical day like for you at the company?
As per my thinking, I was put my maximum efforts for organisation,","Best safety culture, high productivity, very good growth, employees, great place, the most stressful part, the company, PMS system, real physical performance feedback, the work environment, culture, the company, good accomodation, good transportation, good food, all offices, , , great greenery, rewards system, a typical day, the company, my thinking, my maximum efforts, organisation",Company Culture and Management,0.21576148074400336,344
"As group its good but in my vetical line manager are with worst attitude.

Over all very less professionalism.
Haven't seen a leader rarher than a task master/ boss.","group, its good, my vetical line manager, worst attitude, all very less professionalism, a leader rarher, a task master/ boss",Work-Life Balance,0.0,345
"High learning and abilities to grow, high pay and support from management, the only problem is work life balance as shifts goes to late evening, very low turnover","high pay, support, management, the only problem, work life balance, shifts, late evening",Work-Life Balance,0.4032524081166759,346
"Adani is best company in India for working environment

What is the most stressful part about working at the company?
Management system are pressed for work hard

What is the work environment and culture like at the company?
Environment are very good we working with freedom

What is a typical day like for you at the company?
Saturday working is typical day","Adani, best company, India, working environment, the most stressful part, the company, Management system, work, the work environment, culture, the company, Environment, freedom, a typical day, the company",Company Culture and Management,0.34289536945992655,347
"Good place to learn new things to show our potential, all staff members are very supportive, manager also give free hands to achieve ang experience new things and new challenges..","new things, our potential, all staff members, manager, free hands, ang experience, new things, new challenges",Work-Life Balance,0.0,348
"In Adani culture, the employee should pay attention to the problem related to transfer, due to which there is a lot of problem in making balance in personal life. Because of this the employee leaves Adani job.","Adani culture, the employee, attention, the problem, transfer, a lot, problem, balance, personal life, the employee, Adani job",Work-Life Balance,0.18193347839827287,349
"There is a need for a change in the workplace culture, I have faced so many days of service, if someone's work performance is very good, then transfer is not given to any other location, because of this there will be problems in our management, because of this, many employees of the company They leave and leave, this happened with me and I gave my resignation at 21, I just wanted a transfer to another location, my so many problems could not be solved, I had to leave the job. Otherwise I would have given 60 years of service","a need, a change, the workplace culture, so many days, service, someone's work performance, transfer, any other location, problems, our management, many employees, the company, my resignation, a transfer, another location, my so many problems, the job, 60 years, service",Company Culture and Management,0.17167449457086492,350
"What is the best part of working at the company? Being a station head at Port Blair during the pandemic Covid 19 it was challanging for me to take crucial decision to handle in customer handling.

What is the most stressful part about working at the company?
Flight disruption in covid situation.

What is the work environment and culture like at the company?
to give maximum empowerment to airport managers to resolve customer satisfaction.

What is a typical day like for you at the company?
Every day itself is a challenging at airport.","the best part, the company, a station head, Port Blair, the pandemic Covid, crucial decision, customer handling, the most stressful part, the company, Flight disruption, covid situation, the work environment, culture, the company, maximum empowerment, airport managers, customer satisfaction, a typical day, the company, Every day, airport",Company Culture and Management,0.1918820741345686,351
"Good company with good work culture,learning new things Loved the time I spent there. Management is open to new idea and friendly. Workplace culture is good and colleagues are open to offer help when. Fun, games. Healthcare","Good company, good work culture, new things, Management, new idea, Workplace culture, colleagues, help, Fun, games, Healthcare",Company Culture and Management,0.3878764040503087,352
Good working environment... Focus work along work life balance... Clean site... Good appraisal... Continues skill training more family benefit. Good working culture.. Getting together for families.. Good township,"Good working environment, Focus work, work life balance, Clean site, Good appraisal, skill training, more family benefit, Good working culture, families, Good township",Work-Life Balance,0.2919861840536461,353
Average work place to grow. Not too much opportunity as well as salary structure is also not as much good. Limited skills to learn working atmosphere is good,"Average work place, Not too much opportunity, salary structure, Limited skills, working atmosphere",Salary and Benefits,0.13720501618022354,354
Mera review is group me best rha ya mene work form home se job karna pasand kara or is group ki salary bhi acchi hai Adani group is best. Free lunch. Short break,"Mera review, group, best rha ya mene work form, home se job karna, kara, group ki salary bhi acchi hai Adani group, Free lunch, Short break",Job Security,0.09540616434845936,355
"great place to work, you can join with no doubt. GET period is on le of the best period. no organisation gives you same learning as it gives you. staff is great.","no doubt, GET period, the best period, no organisation, same learning, staff",Work-Life Balance,0.0,356
Ex NSG commando with pistal PSO jobs and all vichel DVR. Food. Any problem,"Ex NSG commando, pistal PSO jobs, all vichel DVR, Food, Any problem",Work-Life Balance,0.0,357
"In addition to being good for your workers' physical and mental health, effective employee engagement can deliver trickle-down benefits for the whole company, including: Better communication.","addition, your workers' physical and mental health, effective employee engagement, trickle-down benefits, the whole company, Better communication",Salary and Benefits,0.17061260992861388,358
Good company environment good working 3is good salary is already involved with limits everything is fine working hours are food environment good no issue,"Good company environment, good working 3is good salary, limits, fine working hours, food environment",Salary and Benefits,0.09908580966532306,359
"What is the best part of working at the company? Need for Technology to keep up with Business development. Vast opportunity to learn new Technology as solutions for a very fast growing Organization

What is the most stressful part about working at the company?
No Stress at all when you are working, learning and Implementing Technology

What is the work environment and culture like at the company?
Work environment is of Results and Culture is developing as it is growing and young blood coming

What is a typical day like for you at the company?
Morning Project reviews, work during the day monitoring projects and Evening Daily project briefing","the best part, the company, Technology, Business development, Vast opportunity, new Technology, solutions, a very fast growing Organization, the most stressful part, the company, No Stress, Technology, the work environment, culture, the company, Work environment, Results, Culture, young blood, a typical day, the company, Morning Project reviews, the day monitoring projects, Evening Daily project briefing",Company Culture and Management,0.21794976962072915,360
"Accomodation at Adani Township is provided at Samudra Colony, Mundra. I got campus placement.","Accomodation, Adani Township, Samudra Colony, Mundra, campus placement",Work-Life Balance,0.0,361
"Productive, Supporting, but less pay and progress. Supporting, additional perks. Less pay, Slow progress","Productive, less pay, progress, additional perks, Less pay, Slow progress",Work-Life Balance,0.0,362
"Good area to working.


Good benefits and transportation facilities is there. Yearly get to gather programs is there.
Evidyalaya program there.

Over all good.","Good area, Good benefits, transportation facilities, programs, Evidyalaya program",Salary and Benefits,0.14653674052922866,363
As a learner i had good exposure but as manager i was not allowed with free hands to perform my duties upto concern's expectation. With free hands as team we would could have optimized operation cost in much more better way. More over one man show partice is big hick up for team palyers. Good pay master,"a learner, good exposure, manager, free hands, my duties, upto concern's expectation, free hands, team, operation cost, much more better way, More over one man show partice, big hick, team palyers, Good pay master",Work-Life Balance,0.0,364
"Good area to working.


Good benefits and transportation facilities is there. Yearly get to gather programs is there.
Evidyalaya program there.

Over all good.","Good area, Good benefits, transportation facilities, programs, Evidyalaya program",Salary and Benefits,0.14653674052922866,365
As a learner i had good exposure but as manager i was not allowed with free hands to perform my duties upto concern's expectation. With free hands as team we would could have optimized operation cost in much more better way. More over one man show partice is big hick up for team palyers.,"a learner, good exposure, manager, free hands, my duties, upto concern's expectation, free hands, team, operation cost, much more better way, More over one man show partice, big hick, team palyers",Work-Life Balance,0.0,366
"Senior management is supportive, company policies are good, work life balance is good, weekly and other offs, salary timing is perfect, work hours are flexible","Senior management, company policies, work life balance, good, weekly and other offs, salary timing, work hours",Work-Life Balance,0.4688909136178669,367
"Interview process was good, it was quick and very technical. At HR was leadership related. Many interviews and time-consuming processes. Need to work on this. Professional","Interview process, HR, Many interviews, time-consuming processes",Work-Life Balance,0.0,368
Company is good but chances of promotion prospect..is very less ..moreover biasness more prevailed in the organisation. Development on HR policy need to be done.,"Company, chances, promotion prospect, the organisation, Development, HR policy",Company Culture and Management,0.13589673212191528,369
As per learning part never to give up from works. As per management is good it is thinking for employee. Workplace culture has to adoptive in every organization. Hardest part of job is working on Saturday & Sunday even holiday but relax part taken other day leave. Working with our team that the enjoyable part of the job.,"works, management, employee, Workplace culture, every organization, Hardest part, job, Saturday, Sunday, our team, the job",Job Security,0.263986237814976,370
6 days a week is too tidy.The job is totally based on boss. If boss is not good than life is tough. Do homework before joining. Location is constraint.,"6 days, The job, boss, boss, life, homework, Location",Job Security,0.1731285410789098,371
"Management is good. Growth in the company is not good. It takes decades to get promoted. Management do not invest in the people. As a result, apart from the people from hometown location, many people leave the company.","Management, Growth, the company, decades, Management, the people, a result, the people, hometown location, many people, the company",Company Culture and Management,0.2746776509460937,372
"Fast growing. Ample opportunity. Less manpower so might be stressful and overload sometime. Resources ful Multi locations and multi business Need to have more manpower as less strength increases stress in existing one. Growth, learning, no limit.","Ample opportunity, Less manpower, Resources ful Multi locations, multi business, more manpower, as less strength, stress, Growth, learning, no limit",Work-Life Balance,0.0,373
"Adani group company is good, whoever has to do that work, can go for solar panel work, there will be many jobs in it. No. Yes","Adani group company, that work, solar panel work, many jobs",Work-Life Balance,0.20429394305933896,374
"Excellant work place to work, system has to be maintained , strictly adhere to company policy & system , Dress code is mandatory to all level , Any challenge work can be done, only result should be 100 %","Excellant work place, work, system, company policy, system, Dress code, all level, Any challenge work, only result, 100 %",Work-Life Balance,0.2072156964891631,375
"Working in Adani greens ltd is one of a life time experience, senior are very helpfull, higher management is so coorporative and you best of the lodging and fooding facilities.","Adani greens ltd, a life time experience, higher management, the lodging and fooding facilities",Company Culture and Management,0.1662189042502758,376
"Good place to work in peaceful indeed,fun filled creatively and curated office for peers.all staffs friendly nd got to learn a lot.for newbie great place. Long","Good place, fun, office, peers.all staffs, nd, a lot.for newbie great place",Work-Life Balance,0.0,377
"Established brand in market. Given o[opportunity to work on latest technology. Management, Benefits, compensation are excellent. But Work life balance can be looked, rest a great company to work","brand, market, o[opportunity, latest technology, Management, Benefits, compensation, Work life balance, a great company",Work-Life Balance,0.41454718337026353,378
"Overall good experience working with the company , if you're just starting the career. Leaves - Cannot put as and when required Day/night shifts , sometimes 12 hour duty. Salary isn't on par with standards. Good seniors Average management . If you love to be in remote locations then can apply .","Overall good experience, the company, the career, Leaves, when required Day/night shifts, sometimes 12 hour duty, Salary, par, standards, Good seniors, remote locations",Salary and Benefits,0.0915618155570625,379
Adani company bahut achcha company hai ham bhi soch rahe hain ismein achcha naukari karne ka mauka mile. Sab kuchh milta hai. Nuksan to kuchh bhi nahin hai,"Adani company, achcha company hai ham bhi soch, rahe, naukari karne ka mauka mile, Sab kuchh milta hai, Nuksan, bhi nahin hai",Company Culture and Management,0.14185520164948806,380
It's good to consider it as required skills can be delivered on time. One can develop his skills and enthusiasm and dedication all with lot of opportunities,"required skills, time, his skills, enthusiasm, dedication, lot, opportunities",Work-Life Balance,0.0,381
"nothing much at aprl management not good contractor driven management contractor is powerful, they complain false and u lost ur job nothing much at aprl management not good contractor driven management","aprl management, not good contractor driven management contractor, u, job, aprl management, not good contractor driven management",Company Culture and Management,0.2596732252782136,382
Loved the time I spent there. Management is open to new idea and friendly. Workplace culture is good and colleagues are open to offer help when needed.,"Management, new idea, Workplace culture, colleagues, help",Company Culture and Management,0.32860034091062545,383
"Everything is good but salary structure is below market rate as compared to good other companies, you can stay here after age of 40 to 45 year for a long time even also you can plan your retirement in this group.","salary structure, market rate, good other companies, age, 40 to 45 year, a long time, your retirement, this group",Salary and Benefits,0.1139105022946709,384
Over all standards good learning aspects so with depth of business detail oriented .Every year appreciation with company standard policy. Good learning curve under pressure work culture,"all standards, depth, year appreciation, company standard policy, Good learning curve, pressure work culture",Company Culture and Management,0.2312222625824299,385
We will get an opportunity to interact with Senior Management up to the CEO level. Open to new Ideas & Implements Work culture is good Will get Training & Self-improvements. ,"an opportunity, Senior Management, the CEO level, new Ideas & Implements Work culture, Training, Self-improvements",Company Culture and Management,0.22273819113148896,386
"Great work culture, doable workload, a little toxic, diversity issue though, pay parity is huge, people are usually supportive but there is man power crunch. Good peers. Lala company","Great work culture, doable workload, a little toxic, diversity issue, pay parity, people, man power crunch, Good peers, Lala company",Company Culture and Management,0.19625059218473453,387
"If you need a place with less pressure and work life balance, if location is not your preference then adani solar is for you.

Township and SEZ area is developed nicely.","a place, less pressure, life balance, location, your preference, Township and SEZ area",Work-Life Balance,0.293443865643008,388
"Good organization as a base on system manegent, salary on time before end of the month, employee Friendly, working culture are on latest system. I am very happy and proud feel .","Good organization, a base, system manegent, salary, time, end, the month, employee, , working culture, latest system, very happy and proud feel",Salary and Benefits,0.1532169626621298,389
"Adani is a reputed group, ejoyed a lot while working here, but there are some constraints which lets people to move out. Such as lot of extra works which is out of JD or terms of employment as mentioned in offer letter. No extra benefits to take over additional responsibilities. Lack of houses in township, lack for parking sheds in township, medical facilities are chargable.","Adani, a reputed group, a lot, some constraints, people, lot, extra works, JD, employment, offer letter, No extra benefits, additional responsibilities, houses, township, parking sheds, township, medical facilities",Salary and Benefits,0.08510623367066188,390
The company has a big brand associated with it it is very tough to crack the interview as you only get selected if you have reference but overall if you get good position just go to get associated,"The company, a big brand, the interview, reference, good position",Company Culture and Management,0.12031284450722007,391
"Offers good salary Good industry exposure State of Art Head Quarter.. Work culture a bit tough, six days a week working, Long procedures","good salary Good industry exposure, Art, Work culture, Long procedures",Salary and Benefits,0.14523496753510223,392
Good company to work in india. It is having lot of policies which are very flexible and always an employee centric company looking for opportunities in it.,"Good company, india, lot, policies, always an employee centric company, opportunities",Company Culture and Management,0.2294449270218993,393
"The employees working here are facing the most difficult time of their time at Adani. Most of the employees are very insecure about their job, they are not given freedom at work and also at township","The employees, the most difficult time, their time, Adani, the employees, their job, freedom, work, township",Job Security,0.1016720040419935,394
Stressful and no ethical work culture. Moto is to just earn money. No employee value. No benefits for employees. I didn't found any keen employee for company. Nothing,"Stressful and no ethical work culture, Moto, money, No employee value, No benefits, employees, any keen employee, company",Company Culture and Management,0.2091603147839127,395
"No job security & having no clear anytime you can fired from job.lack of clarity about management vision,HR policy leads to high attrition rate.Employees have the fear to loose job anytime.","No job security, job.lack, clarity, management vision, HR policy, high attrition rate, Employees, the fear, job",Job Security,0.5306004003255564,396
Not good for working professional.If you want stable career please choose another company as Adani is not safe in terms of job security and advance skill,"stable career, another company, Adani, terms, job security, advance skill",Job Security,0.39671710391459103,397
"Follow safety in plant Compelsary and PPEand good team work in place all employees friendly treat I worked and maintenance acb, inverter, idt, module, observed crossing , module clean, tilting work. No. Long hours","safety, plant Compelsary, PPEand good team, place, all employees, friendly treat, Long hours",Work-Life Balance,0.0,398
Good company Work not hard Management good Staff skill good Traveling 1 hours is difficult in job Work shift time 8 hours Company work normal no hard. No. Yes,"Good company, 1 hours, job Work shift time, Company",Company Culture and Management,0.27903895024845843,399
Compnis of Adani group is Nice place to work and boost your career bt if you are working with as an off roll employee there is less benefits for you. So according to me if You want to work with Adani Group then try to select as an on roll employee. Free transport,"Compnis, Adani, group, Nice place, your career, an off roll employee, less benefits, Adani Group, roll employee, Free transport",Salary and Benefits,0.09273622929018464,400
Very poor progress and employs to given third-party contract..no job safe so contract you work only per year renew your contract no pramosan you can join supervis....and retired supervis...this government responsible to work. No. Life no change,"Very poor progress, third-party contract, no job, contract, year, your contract, supervis, retired supervis, this government, work, Life",Work-Life Balance,0.15830227249267026,401
"It's best company in comparison to other Indian and foreign company.best salary offered, good work culture, learning atmosphere.supportive staff.i recommend to join this company. Learn too much, good salary. No cons","best company, comparison, other Indian and foreign company.best salary, good work culture, atmosphere.supportive staff.i recommend, this company, too much, good salary, No cons",Company Culture and Management,0.33264207714763705,402
I am pleased to work with adani family. It's a enjoyable time with with owner family members. I am getting all kind of facilities and good manner and respect. Free fooing ang logging. 12 hours duty,"adani family, a enjoyable time, owner family members, facilities, good manner, respect, ang logging, 12 hours duty",Work-Life Balance,0.0,403
"Lots Of projects, Team Management, PRofessional Work Culture Lunch time is the most enjoyable We travel a lot for unlimited project, although allowance available. Sometimes you can't being sociable in family. High Pay scale. Poor Management, higher authority give their responsibilities to junior as well if you show your extra skills.","Lots, projects, Team Management, PRofessional Work Culture Lunch time, a lot, unlimited project, allowance, family, High Pay scale, Poor Management, higher authority, their responsibilities, your extra skills",Company Culture and Management,0.24436954385340776,404
I am filling proud to be a part of Adani group. Adani group is fastest growing group in India. Always good opportunity is there for learning new things.,"a part, Adani group, Adani group, fastest growing group, India, Always good opportunity, new things",Work-Life Balance,0.0,405
"Nice company to work with. Very good practice of HR admin and Top management. A group in which you can grow and achieve heights. Led by group of best professional. Flights, Tours, Training. Nothing","Nice company, Very good practice, HR admin and Top management, A group, heights, group, Flights, Tours, Training",Company Culture and Management,0.25024885395324875,406
"The job at Adani is good and tremendous scope is there for managers to grow with competitive advantage. The timing of the office is excellent and salary is the best part. However, be loyal and be global is the advice. Excellent projects. Hierarchy","The job, Adani, good and tremendous scope, managers, competitive advantage, The timing, the office, salary, the best part, the advice, Excellent projects, Hierarchy",Salary and Benefits,0.10790994558403601,407
"My Over all review for Adani Group is excellent , They have good growth opportunities and work culture . The company takes good care of their employees and provide Meals at Cafeteria at subsidized rates. The company also take care of Health and we'll beibg of employees by regularly getting health check done along with In house Yoga Instructor . Brand. Long hours","all review, Adani Group, good growth opportunities, work culture, The company, good care, their employees, Meals, Cafeteria, subsidized rates, The company, care, Health, employees, health check, house Yoga Instructor, Brand, Long hours",Company Culture and Management,0.19219649063582644,408
good working culture and having good work exposure . worked in different position and location and various varticals. very good org and feel proud working in such org. productive. ok,"good working culture, good work exposure, different position, location, various varticals, very good org, such org",Company Culture and Management,0.08167851764339323,409
Reporting authority not evaluate each and every kra & kpi under department working only according gesture evaluation done and job transfer frequently to far.,"Reporting authority, every kra, kpi, department, gesture evaluation",Work-Life Balance,0.0,410
Timely reporting stock statement Due date follow up audit in time period stock taking with auditor debtors controlling SAP implimatattion ledger work and petty cash maintened. free lunch. on due date only,"stock statement, audit, time period stock, auditor debtors, SAP implimatattion ledger work, petty cash, free lunch, due date",Work-Life Balance,0.0720473328789453,411
"Starting Days Was Worst Because There Are No Time To Leave Office Its Depends Upon Your Manager Mood After One Month Its Good Because I Know Alsmost Every Rules How To Work. Good Office Environment, Office Design, Office Place. My Manager Is Not Behaving Good With Us","Starting Days, No Time, Office, Its Depends, Your Manager, One Month, Alsmost, Every Rules, Good Office Environment, Office Design, Office Place, My Manager",Work-Life Balance,0.0,412
"Its a good place to work, however, a little stressful due to longer working hours. Standards are good, Have a very beautiful well maintained office head quarter in Ahmedabad, Gujarat, India. Many good policies, Job security, Great office buidling. Long Hours","Its a good place, longer working hours, Standards, a very beautiful well maintained office head quarter, Ahmedabad, Gujarat, India, Many good policies, Job security, Great office, Long Hours",Job Security,0.20956792118646786,413
"I have more than 15 years experience in construction of thermal power plant and solar plant, specialist in construction of thermal Supercritical and Subcritical boiler and it's auxiliaries and solar plant, solar manufacturing units.","more than 15 years experience, construction, thermal power plant, solar plant, specialist, construction, thermal Supercritical and Subcritical boiler, it's auxiliaries and solar plant, solar manufacturing units",Salary and Benefits,0.05996619274743979,414
It's a very nice place to work they have a very e immunity full township they have good facilities for transportation from home to work place they have a very good work culture they have a very good work life balance they appreciate good working people they have lot of trainings to improve yourself the top management or you can say owners are very open you can go and directly meet them they you can say anything whatever you want it so I like to work in this company,"a very nice place, a very e immunity full township, good facilities, transportation, home, work place, a very good work culture, a very good work life balance, good working people, lot, trainings, the top management, owners, this company",Work-Life Balance,0.274196928030785,415
"Considering, the current scenario in power business, ADANI is doing best and the policies are crystal clear. The work places are very well hygeinic and work culture is good. Best in Power Sector. Salaries are comparatively less, but looking at other aspects, its Good.","the current scenario, power business, ADANI, the policies, The work places, hygeinic and work culture, Power Sector, Salaries, other aspects",Skill Development and Work Satisfaction,0.12825499391141074,416
"Fully empowered workplace, supported by leadership, challenging opportunities, work life balance, employee friendly environment and best in class office and tools available, great teamwork","Fully empowered workplace, leadership, challenging opportunities, work life balance, employee friendly environment, class office, tools, , great teamwork",Work-Life Balance,0.34419785773999545,417
A nice place to work with like minded people. Had a great exposure in meeting compliance requirement of GST and HST returns. Was associated with litigation team for appeals and assessments.,"A nice place, like minded people, a great exposure, meeting compliance requirement, GST and HST returns, litigation team, appeals, assessments",Salary and Benefits,0.04626225433759683,418
Doesnt care anything about its employee. Worst work life balance. Discrimination between a bcom graduate and an engineer after they are recruited at an MBA level in terms of salary.,"its employee, Worst work life balance, Discrimination, a bcom graduate, an engineer, an MBA level, terms, salary",Work-Life Balance,0.3369656008997733,419
Company is excellent and working staff is supportive and good facilities and all things like hospitality and job security is excellent and lots of other benefits here,"Company, excellent and working staff, supportive and good facilities, all things, hospitality, job security, lots, other benefits",Job Security,0.3039067555239453,420
"It was great experience working with Adani, there were lot of learnings which help me to develop professionally and personally. Overall it was great that i started with FMCG company","great experience, Adani, lot, learnings, FMCG company",Company Culture and Management,0.15208956516123456,421
"Good company to work if you able to handel pressure. Brand loyality is good, managment is supportive, must capable to handel big business, business size is big.","Good company, pressure, Brand loyality, managment, big business, business size",Company Culture and Management,0.11505140535703817,422
Good company in India for work. Management and working life is very perfectly. Easily understand the problems of employees. Work culture is very enjoyable.,"Good company, India, work, Management, working life, the problems, employees, Work culture",Company Culture and Management,0.40269783218183774,423
Hard work...... In the company And management are very good Company is very reputed.but more than 50% work are contractor or contract basis In this company high level sefty are ferferred,"Hard work, the company, management, very good Company, very reputed.but more than 50% work, contractor, contract basis, this company high level sefty",Company Culture and Management,0.3142018320501851,424
That's good company good work experience is learn at adani power plant Nice engineer to do a work at helping a work. Greet management at adani power limited,"good company good work experience, adani power plant, Nice engineer, a work, a work, Greet management, adani power",Work-Life Balance,0.19943061212126986,425
अदानी कंपनी बहुत बढ़िया कंपनी है जो कि जहां पर सबसे बड़ा पावर प्लांट पाया गया वहां का वर्क फैसिलिटी सब बढ़िया है ओन्ली सैलरी जैसे हमने वहां से कार्य छोड़ दिया है,"अदानी कंपनी बहुत, बड़ा पावर, पाया गया वहां का वर्क फैसिलिटी, बढ़िया, ओन्ली सैलरी जैसे हमने, दिया है",Work-Life Balance,0.0,426
Salary is not as per the work load. Too much hierarchy. Have to work even on weekends. Minimum 12 hrs of work on a daily basis. Increment is not as per industry standards,"Salary, the work load, Too much hierarchy, weekends, Minimum 12 hrs, work, a daily basis, Increment, industry standards",Work-Life Balance,0.15570735919438278,427
"Balanced work life with better environment ,Job occurs at various locations in india, career growth is not enough with adani.","Balanced work life, better environment, Job, various locations, india, career growth, adani",Work-Life Balance,0.24413906767343385,428
,,Work-Life Balance,0.0,429
Good company for learning while working,Good company,Company Culture and Management,0.30266423226280154,430
Supply chain,Supply chain,Work-Life Balance,0.0,431
Work Culture,Work Culture,Company Culture and Management,0.36021078668480105,432
Overall Experience,Overall Experience,Work-Life Balance,0.0,433
Nice,,Work-Life Balance,0.0,434
Nice culture,Nice culture,Company Culture and Management,0.30266423226280154,435
Growth with goodness,"Growth, goodness",Work-Life Balance,0.0,436
Project manager,Project manager,Work-Life Balance,0.0,437
Assistant manager,Assistant manager,Work-Life Balance,0.0,438
Company review,Company review,Company Culture and Management,0.30266423226280154,439
Good,,Work-Life Balance,0.0,440
Project Management,Project Management,Company Culture and Management,0.30266423226280154,441
The overall experience with Adani was fantastic,"The overall experience, Adani",Work-Life Balance,0.0,442
Great,,Work-Life Balance,0.0,443
,,Work-Life Balance,0.0,444
Good workplace,Good workplace,Work-Life Balance,0.0,445
Overall Good,Overall Good,Work-Life Balance,0.0,446
"Except for specific persons, company is good","specific persons, company",Company Culture and Management,0.2398736588102846,447
Quality Control and assurance Engineer,Quality Control and assurance Engineer,Salary and Benefits,0.0928646753251586,448
Overall ok experience,Overall ok experience,Work-Life Balance,0.0,449
,,Work-Life Balance,0.0,450
Fine,,Work-Life Balance,0.0,451
Dedicated work but too many overtimes,"Dedicated work, too many overtimes",Work-Life Balance,0.14993450805086697,452
Good for freshers,freshers,Work-Life Balance,0.0,453
Good company to work with,Good company,Company Culture and Management,0.30266423226280154,454
,,Work-Life Balance,0.0,455
Nice place to explore sports domain. Great leaders,"Nice place, sports domain, Great leaders",Work-Life Balance,0.0,456
Good work culture,Good work culture,Company Culture and Management,0.2656525871592213,457
Adani Group is a secure job for new employees,"Adani Group, a secure job, new employees",Job Security,0.22228295579005103,458
Good,,Work-Life Balance,0.0,459
Adani Electricity,Adani Electricity,Work-Life Balance,0.0,460
Hi,,Work-Life Balance,0.0,461
Design at Adani Airports,"Design, Adani Airports",Work-Life Balance,0.0,462
Salary details,Salary details,Salary and Benefits,0.36863420736354363,463
Senior Manager Business Development,Senior Manager Business Development,Skill Development and Work Satisfaction,0.18506997472858622,464
Not such good experience,Not such good experience,Work-Life Balance,0.0,465
Nice salary,Nice salary,Salary and Benefits,0.36863420736354363,466
About Ahmedabad Airport ,Ahmedabad Airport,Work-Life Balance,0.0,467
Good company,Good company,Company Culture and Management,0.30266423226280154,468
Company is good but should have some rules,"Company, some rules",Company Culture and Management,0.2398736588102846,469
Good company,Good company,Company Culture and Management,0.30266423226280154,470
Adani,Adani,Work-Life Balance,0.0,471
Over all good,,Work-Life Balance,0.0,472
"Hybrid cloud infra(AWS,Azure,GCP) plus on-premises","Hybrid cloud infra(AWS, GCP, premises",Work-Life Balance,0.0,473
Great Learning,Great Learning,Work-Life Balance,0.0,474
Great company,Great company,Company Culture and Management,0.30266423226280154,475
Life at Adani Realty,"Life, Adani Realty",Work-Life Balance,0.27247929980483493,476
Adani Group,Adani Group,Work-Life Balance,0.0,477
Good company,Good company,Company Culture and Management,0.30266423226280154,478
,,Work-Life Balance,0.0,479
,,Work-Life Balance,0.0,480
Good company,Good company,Company Culture and Management,0.30266423226280154,481
,,Work-Life Balance,0.0,482
Decent company to work,Decent company,Company Culture and Management,0.30266423226280154,483
Good company,Good company,Company Culture and Management,0.30266423226280154,484
Ok,,Work-Life Balance,0.0,485
Alright place,Alright place,Work-Life Balance,0.0,486
,,Work-Life Balance,0.0,487
Salary,Salary,Salary and Benefits,0.5771555873367612,488
Great place to work,Great place,Work-Life Balance,0.0,489
Great company,Great company,Company Culture and Management,0.30266423226280154,490
Good work,Good work,Work-Life Balance,0.2594964641492548,491
Mixed Bag,Mixed Bag,Work-Life Balance,0.0,492
good,,Work-Life Balance,0.0,493
Review headlines,Review,Work-Life Balance,0.0,494
Renewable,,Work-Life Balance,0.0,495
Adani,Adani,Work-Life Balance,0.0,496
,,Work-Life Balance,0.0,497
,,Work-Life Balance,0.0,498
Good,,Work-Life Balance,0.0,499
"They hire without firm commitment to begin projects, Then hold and delay projects to ruin others career","firm commitment, projects, projects, career",Work-Life Balance,0.0,500
Nothing,,Work-Life Balance,0.0,501
Proper corporate,Proper corporate,Work-Life Balance,0.0,502
Lack of digital proficiency,"Lack, digital proficiency",Work-Life Balance,0.0,503
Salary Benefit,Salary Benefit,Salary and Benefits,0.36863420736354363,504
culture,culture,Company Culture and Management,0.47386908010193163,505
Work life balance is missing,Work life balance,Work-Life Balance,1.0,506
culture,culture,Company Culture and Management,0.47386908010193163,507
good,,Work-Life Balance,0.0,508
Inaccessability ,Inaccessability,Work-Life Balance,0.0,509
Fine place to work,Fine place,Work-Life Balance,0.0,510
good,,Work-Life Balance,0.0,511
neutral work,neutral work,Work-Life Balance,0.2594964641492548,512
good,,Work-Life Balance,0.0,513
Senior Manager,Senior Manager,Work-Life Balance,0.0,514
Horrible Workplace. Never fall in trap to join it.,"Horrible Workplace, trap",Work-Life Balance,0.0,515
amazing people,amazing people,Work-Life Balance,0.0,516
worst company culture,worst company culture,Company Culture and Management,0.5381451946050216,517
Good company to work for,Good company,Company Culture and Management,0.30266423226280154,518
Good company,Good company,Company Culture and Management,0.30266423226280154,519
good,,Work-Life Balance,0.0,520
Review headlines,Review,Work-Life Balance,0.0,521
Career Growth,Career Growth,Work-Life Balance,0.0,522
Renewable,,Work-Life Balance,0.0,523
Adani,Adani,Work-Life Balance,0.0,524
Senior Manager,Senior Manager,Work-Life Balance,0.0,525
Adani solar manufacturing unit,Adani solar manufacturing unit,Work-Life Balance,0.0,526
Work culture,Work culture,Company Culture and Management,0.36021078668480105,527
Work life balance is missing,Work life balance,Work-Life Balance,1.0,528
Culture,Culture,Company Culture and Management,0.47386908010193163,529
Good place to work,Good place,Work-Life Balance,0.0,530
Good company to work for,Good company,Company Culture and Management,0.30266423226280154,531
salary benefits,salary benefits,Salary and Benefits,0.8854872684207133,532
Lack of digital proficiency,"Lack, digital proficiency",Work-Life Balance,0.0,533
Proper Corporate,Proper Corporate,Work-Life Balance,0.0,534
Work culture,Work culture,Company Culture and Management,0.36021078668480105,535
Review,,Work-Life Balance,0.0,536
"They hire without firm commitment to begin projects, Then hold and delay projects to ruin others career","firm commitment, projects, projects, career",Work-Life Balance,0.0,537
Good,,Work-Life Balance,0.0,538
Horrible Workplace. Never fall in trap to join it.,"Horrible Workplace, trap",Work-Life Balance,0.0,539
Adani Digital Labs is worst place to buy work,"Adani Digital Labs, worst place, work",Work-Life Balance,0.13563026404753545,540
Good,,Work-Life Balance,0.0,541
Worst management i have seen in my entire career,"Worst management, my entire career",Company Culture and Management,0.1816516346734113,542
Humiliation shop & Scam House,"Humiliation shop, Scam House",Work-Life Balance,0.0,543
jov,jov,Work-Life Balance,0.0,544
Good for the one who wants to work in core culture,"the one, core culture",Company Culture and Management,0.2047974594361075,545
Good,,Work-Life Balance,0.0,546
Internal Auditor Salary,Internal Auditor Salary,Salary and Benefits,0.2921575351729798,547
Good,,Work-Life Balance,0.0,548
Business Analyst at AEL,"Business Analyst, AEL",Work-Life Balance,0.0,549
Adani Group review,Adani Group review,Work-Life Balance,0.0,550
nice place,nice place,Work-Life Balance,0.0,551
Good Company,Good Company,Company Culture and Management,0.30266423226280154,552
"Not a good company to work with Adani defence and aerospace in long term
","Not a good company, Adani defence, aerospace, long term",Company Culture and Management,0.14185520164948803,553
Job staticfy,Job staticfy,Job Security,0.4079486097433083,554
Payment is good,Payment,Work-Life Balance,0.0,555
MEP Electrical,MEP Electrical,Work-Life Balance,0.0,556
Solar power plants Constructions and operations -capacity of 450 Mw,"Solar power, Constructions and operations -capacity, 450 Mw",Salary and Benefits,0.0712426570761112,557
Good,,Work-Life Balance,0.0,558
Work culture,Work culture,Company Culture and Management,0.36021078668480105,559
Working on the live projects,the live projects,Work-Life Balance,0.0,560
Working on the live projects,the live projects,Work-Life Balance,0.0,561
Transmission,Transmission,Work-Life Balance,0.0,562
Good,,Work-Life Balance,0.0,563
Good working enviroment,Good working enviroment,Work-Life Balance,0.0,564
Worst management i have seen in my entire career,"Worst management, my entire career",Company Culture and Management,0.1816516346734113,565
Good,,Work-Life Balance,0.0,566
Good,,Work-Life Balance,0.0,567
Good,,Work-Life Balance,0.0,568
Good work life balance,Good work life balance,Work-Life Balance,0.8080598199019293,569
Good to learn. But bad culture wise. People carry to much EGO,"bad culture, People, much EGO",Company Culture and Management,0.1816516346734113,570
Solar power plants Constructions and operations -capacity of 450 Mw,"Solar power, Constructions and operations -capacity, 450 Mw",Salary and Benefits,0.0712426570761112,571
,,Work-Life Balance,0.0,572
Service,Service,Work-Life Balance,0.0,573
MEP Electrical,MEP Electrical,Work-Life Balance,0.0,574
adani,adani,Work-Life Balance,0.0,575
Pathetic,,Work-Life Balance,0.0,576
Hydro Power & Pump Storage Expert,"Hydro Power, Pump Storage Expert",Work-Life Balance,0.0,577
Finance,Finance,Work-Life Balance,0.0,578
Good,,Work-Life Balance,0.0,579
Not the right place for light hearted,Not the right place,Work-Life Balance,0.0,580
